Name,Pos,Nationality,GP,Possible_GP,Qualify_Pct,TOI_GP,ES_TOI_GP,PP_TOI_GP,SH_TOI_GP,G_60,A_60,PTS_60,SOG_60,BLK_60,HIT_60,PP_PTS_60,PIM_GP,PlusMinus_GP,Height_in,Weight_lbs,BMI,Fights,CF_pct_5v5,xGF_pct_5v5,ixG_60_5v5
A.J. Greer,LW,CAN,279.0,328,0.8506,10.100477897252091,9.644086021505375,0.08900836320191154,0.3673835125448029,0.724,0.83,1.554,6.664,2.299,13.328,0.043,1.405,0.072,75.0,209.0,26.12,24,52.84,51.84,0.784
Aaron Ekblad,D,CAN,250.0,328,0.7622,22.612,17.403666666666663,2.438,2.770333333333333,0.265,0.955,1.221,5.487,3.248,3.566,0.414,0.904,0.076,76.0,220.0,26.78,2,55.12,53.07,0.18
Adam Fantilli,C,CAN,213.0,246,0.8659,17.599217527386543,15.30946791862285,2.125508607198748,0.1642410015649452,1.072,1.168,2.241,8.323,2.113,5.042,0.32,0.338,-0.141,74.0,205.0,26.32,2,48.86,47.37,0.705
Adam Fox,D,USA,283.0,328,0.8628,23.67479387514723,18.659246171967016,3.336395759717314,1.6791519434628974,0.43,1.89,2.319,4.675,3.851,1.191,0.931,0.431,0.223,71.0,185.0,25.8,0,55.07,55.1,0.243
Adam Henrique,C,CAN,290.0,328,0.8841,15.688620689655174,12.297586206896552,1.4495402298850573,1.941494252873563,0.804,0.923,1.728,6.159,3.745,2.888,0.382,0.321,-0.031,72.0,195.0,26.44,1,47.53,48.26,0.707
Adam Larsson,D,SWE,327.0,328,0.997,22.25632008154944,19.41539245667686,0.12064220183486235,2.7202854230377165,0.214,0.643,0.857,4.048,5.243,4.93,0.0,0.535,0.168,75.0,207.0,25.87,3,48.45,46.31,0.17
Adam Lowry,LW,USA,306.0,328,0.9329,15.527777777777779,12.973747276688455,0.5124727668845316,2.0415577342047926,0.581,1.01,1.591,5.24,2.765,7.981,0.051,0.539,0.108,77.0,210.0,24.9,22,51.87,54.13,0.877
Adam Pelech,D,CAN,261.0,328,0.7957,20.95338441890166,18.47190293742018,0.1184546615581098,2.3630268199233715,0.121,0.691,0.812,4.378,4.74,3.072,0.011,0.556,0.08,75.0,212.0,26.5,1,52.92,52.3,0.21
Adrian Kempe,LW,SWE,321.0,328,0.9787,19.016978193146418,14.794340602284528,2.9479231568016613,1.2747144340602283,1.376,1.455,2.831,9.426,1.366,4.502,0.757,0.688,0.221,74.0,205.0,26.32,1,52.32,50.95,0.788
Albert Johansson,D,SWE,143.0,164,0.872,16.103962703962704,15.023193473193473,0.13601398601398604,0.9447552447552447,0.156,0.365,0.521,2.84,4.586,3.283,0.0,0.322,-0.203,72.0,195.0,26.44,0,47.21,46.38,0.127
Alex DeBrincat,RW,USA,328.0,328,1.0,18.291666666666664,14.958333333333332,3.308333333333333,0.02499999999999995,1.34,1.54,2.88,10.311,1.5,2.46,1.01,0.387,-0.107,68.0,180.0,27.37,5,50.07,50.35,0.818
Alex Iafallo,C,USA,302.0,328,0.9207,15.005242825607063,12.044315673289184,1.465673289183223,1.495253863134658,0.702,0.927,1.629,6.302,2.873,3.217,0.371,0.182,0.172,72.0,201.0,27.26,1,49.95,49.85,0.654
Alex Killorn,C,CAN,309.0,328,0.9421,17.381984897518876,13.56321467098166,1.9427723840345197,1.8759978425026966,0.883,1.017,1.899,6.367,1.218,3.128,0.302,0.547,0.042,73.0,205.0,27.04,1,51.37,50.48,0.672
Alex Laferriere,RW,USA,240.0,246,0.9756,16.000902777777778,14.069930555555553,1.3233333333333333,0.6076388888888888,0.812,0.891,1.703,8.578,1.859,7.687,0.187,0.35,0.046,73.0,205.0,27.04,2,53.24,52.99,0.913
Alex Newhook,C,CAN,261.0,328,0.7957,15.008173690932313,13.107407407407406,1.7313537675606643,0.16941251596424003,0.873,0.888,1.761,5.821,1.624,3.569,0.26,0.284,-0.088,71.0,200.0,27.89,0,45.22,45.81,0.685
Alex Ovechkin,LW,RUS,299.0,328,0.9116,18.62948717948718,14.139464882943146,4.477759197324414,0.01226309921962091,1.605,1.379,2.984,11.278,0.851,6.398,1.013,0.361,-0.094,75.0,238.0,29.74,0,48.97,47.58,0.889
Alex Tuch,RW,USA,310.0,328,0.9451,19.206397849462366,14.846075268817202,2.4743010752688166,1.886021505376344,1.28,1.451,2.731,8.072,3.336,2.832,0.514,0.574,0.203,76.0,219.0,26.65,6,50.56,49.35,0.772
Alex Vlasic,D,USA,245.0,328,0.747,21.891768707482996,18.587891156462582,0.7133333333333334,2.5905442176870745,0.089,0.671,0.761,2.953,4.844,1.667,0.157,0.302,-0.18,78.0,217.0,25.07,4,44.2,43.45,0.116
Alexander Kerfoot,C,CAN,279.0,328,0.8506,15.388291517323777,12.360095579450418,0.8685185185185186,2.1596774193548387,0.573,1.076,1.649,5.087,3.019,3.019,0.224,0.333,-0.043,71.0,185.0,25.8,1,53.74,53.2,0.669
Alexander Nikishin,D,RUS,81.0,82,0.9878,18.166666666666664,15.65,1.4333333333333331,1.0833333333333333,0.449,0.897,1.346,4.975,3.833,5.382,0.408,0.407,0.222,75.0,218.0,27.25,1,58.36,55.83,0.251
Alexander Romanov,D,RUS,236.0,328,0.7195,20.67422316384181,18.648234463276832,0.04922316384180788,1.9767655367231638,0.16,0.639,0.799,4.107,6.099,6.554,0.0,0.377,0.144,73.0,220.0,29.02,1,47.07,47.69,0.151
Alexander Wennberg,C,SWE,318.0,328,0.9695,18.96493710691824,14.429926624737945,2.531761006289308,2.003249475890985,0.507,1.065,1.572,3.641,3.094,1.462,0.398,0.208,-0.167,74.0,190.0,24.39,0,47.7,45.55,0.302
Alexandre Carrier,D,CAN,268.0,328,0.8171,19.231902985074626,16.693097014925375,0.22891791044776114,2.3098880597014926,0.186,0.698,0.885,3.062,6.147,2.643,0.012,0.541,-0.004,71.0,174.0,24.27,1,48.37,48.33,0.159
Alexey Toropchenko,RW,RUS,296.0,328,0.9024,12.268975225225228,10.978772522522522,0.08265765765765762,1.2075450450450451,0.529,0.611,1.14,5.915,3.47,10.607,0.0,0.321,-0.03,78.0,225.0,26.0,3,42.54,43.28,0.719
Alexis LafreniÃ¨re,LW,,327.0,328,0.997,16.754791029561673,15.087257900101935,1.6550458715596332,0.012487257900101887,0.931,1.237,2.168,7.326,1.292,4.567,0.318,0.401,-0.024,,,,0,,,
Aliaksei Protas,C,BLR,288.0,328,0.878,15.15798611111111,13.738888888888889,0.233912037037037,1.1851851851851851,0.893,1.333,2.227,6.831,1.91,1.732,0.027,0.201,0.17,78.0,250.0,28.89,0,51.91,50.92,0.788
Anders Lee,LW,USA,327.0,328,0.997,16.35244648318043,14.10499490316004,2.2474515800203876,0.0,1.077,0.976,2.053,9.324,2.098,5.756,0.404,0.602,0.006,75.0,234.0,29.24,11,51.43,53.26,1.239
Andrei Kuzmenko,F,RUS,271.0,328,0.8262,15.455166051660514,12.483825338253382,2.9713407134071343,0.0,1.218,1.39,2.607,5.959,1.017,0.917,0.917,0.185,-0.037,71.0,200.0,27.89,0,52.79,52.46,0.619
Andrei Svechnikov,RW,RUS,274.0,328,0.8354,17.24257907542579,14.263503649635036,2.9628345498783455,0.01624087591240872,1.181,1.676,2.857,9.296,0.978,7.341,1.016,0.927,0.044,75.0,200.0,25.0,2,59.28,53.97,0.88
Andrew Copp,C,USA,296.0,328,0.9024,16.555236486486486,13.56233108108108,1.116554054054054,1.8763513513513512,0.502,1.224,1.726,5.045,2.388,1.445,0.208,0.28,0.024,73.0,200.0,26.38,1,47.02,47.81,0.658
Andrew Mangiapane,LW,CAN,300.0,328,0.9146,14.67011111111111,12.884944444444445,1.2115555555555557,0.5736111111111111,0.723,1.009,1.731,6.23,1.595,4.281,0.15,0.51,-0.007,70.0,183.0,26.25,0,51.34,51.38,0.733
Andrew Peeke,D,USA,271.0,328,0.8262,19.277367773677735,16.922386223862237,0.04268142681426811,2.31230012300123,0.149,0.471,0.62,3.319,6.156,5.49,0.0,0.269,-0.236,75.0,214.0,26.75,1,46.87,45.06,0.123
AndrÃ© Burakovsky,LW,,252.0,328,0.7683,15.43425925925926,13.334854497354497,2.0994047619047618,0.0,0.632,1.296,1.928,6.14,1.404,1.25,0.632,0.222,-0.234,,,,0,,,
Anthony Beauvillier,LW,CAN,305.0,328,0.9299,14.684754098360655,13.32606557377049,0.9125136612021856,0.44617486338797807,0.71,0.764,1.474,7.837,1.996,4.863,0.134,0.249,-0.03,71.0,181.0,25.24,0,49.32,50.38,0.93
Anthony Cirelli,C,CAN,288.0,328,0.878,17.850289351851853,14.41111111111111,1.1604166666666667,2.278761574074074,0.945,1.214,2.159,6.127,2.801,2.019,0.21,0.51,0.288,73.0,193.0,25.46,3,54.41,56.46,0.828
Anthony Mantha,RW,CAN,235.0,328,0.7165,14.51,12.842269503546099,1.6677304964539006,0.0,1.249,1.249,2.499,7.021,1.812,3.361,0.422,0.468,0.081,77.0,240.0,28.46,6,49.74,52.92,0.728
Anton Lundell,C,FIN,294.0,328,0.8963,16.780215419501133,13.333956916099773,1.635997732426304,1.8102607709750564,0.73,1.18,1.909,7.455,1.958,3.345,0.377,0.541,0.099,73.0,196.0,25.86,1,54.53,51.97,0.72
AnÅ¾e Kopitar,C,,311.0,328,0.9482,19.49951768488746,15.143890675241158,2.9378885316184356,1.4177384780278672,0.861,1.603,2.464,4.957,2.77,1.672,0.762,0.129,0.206,,,,0,,,
Arber Xhekaj,D,CAN,230.0,328,0.7012,14.088478260869564,13.23913043478261,0.3714492753623188,0.47789855072463766,0.185,0.426,0.611,4.537,3.722,11.888,0.056,1.809,-0.104,76.0,240.0,29.21,28,47.27,46.67,0.141
Arseny Gritsyuk,RW,RUS,66.0,82,0.8049,15.15,14.116666666666667,1.0333333333333334,0.0,0.78,1.08,1.86,8.941,1.08,3.48,0.3,0.394,-0.045,72.0,195.0,26.44,0,58.14,53.31,0.572
Artem Zub,D,RUS,259.0,328,0.7896,20.67921492921493,18.100257400257398,0.10804375804375801,2.470913770913771,0.168,0.706,0.874,3.081,4.783,4.414,0.011,0.625,0.124,75.0,201.0,25.12,2,51.7,54.39,0.131
Artemi Panarin,LW,RUS,322.0,328,0.9817,20.03840579710145,16.61935817805383,3.4190476190476193,0.0,1.33,2.25,3.58,9.001,0.493,0.679,1.2,0.298,0.019,72.0,176.0,23.87,0,54.89,52.74,0.621
Artturi Lehkonen,LW,FIN,248.0,328,0.7561,19.487836021505377,15.472849462365591,2.724798387096774,1.2901881720430106,1.055,1.155,2.21,6.878,1.651,2.731,0.484,0.371,0.351,71.0,179.0,24.96,0,56.01,56.72,1.0
Auston Matthews,C,USA,282.0,328,0.8598,20.61081560283688,16.545567375886527,3.2231087470449173,0.8421394799054374,1.745,1.59,3.334,12.222,3.665,2.632,0.97,0.277,0.245,75.0,215.0,26.87,1,51.33,53.37,1.201
Axel Sandin Pellikka,D,,68.0,82,0.8293,16.200000000000003,14.183333333333334,1.7333333333333334,0.2833333333333333,0.381,0.763,1.144,3.704,2.941,0.926,0.381,0.265,-0.294,,,,0,,,
Barclay Goodrow,RW,CAN,321.0,328,0.9787,12.935617860851504,10.820041536863966,0.20887850467289718,1.9066978193146416,0.361,0.549,0.91,4.176,3.901,8.424,0.029,0.885,-0.202,74.0,210.0,26.96,21,41.58,40.56,0.51
Barrett Hayton,C,CAN,264.0,328,0.8049,16.372853535353535,13.343497474747476,2.149558080808081,0.8797979797979798,0.722,0.999,1.721,7.19,1.68,2.29,0.458,0.633,-0.08,73.0,200.0,26.38,1,55.93,56.61,0.999
Beck Malenstyn,LW,CAN,247.0,328,0.753,11.92591093117409,10.031983805668016,0.0105937921727395,1.883333333333333,0.367,0.591,0.957,4.97,4.807,15.236,0.0,0.381,-0.069,75.0,209.0,26.12,4,43.97,43.27,0.62
Beckett Sennecke,F,CAN,82.0,82,1.0,17.416666666666668,15.050000000000002,2.333333333333333,0.0333333333333333,0.966,1.554,2.521,8.276,1.008,4.075,0.546,0.756,-0.146,75.0,206.0,25.75,0,52.37,53.36,1.032
Ben Chiarot,D,CAN,316.0,328,0.9634,20.598892405063292,18.455221518987344,0.18470464135021097,1.9589662447257383,0.175,0.442,0.618,3.954,5.826,5.595,0.009,0.794,-0.184,75.0,222.0,27.75,3,44.75,44.81,0.159
Benjamin Kindel,C,,77.0,82,0.939,15.033333333333333,12.583333333333334,1.8166666666666669,0.6333333333333333,0.881,0.933,1.814,7.827,3.006,1.555,0.518,0.234,-0.065,,,,0,,,
Berkly Catton,F,CAN,66.0,82,0.8049,12.916666666666666,12.066666666666666,0.85,0.0,0.493,0.704,1.196,5.49,2.111,0.563,0.141,0.47,-0.121,70.0,179.0,25.68,1,46.98,48.87,0.68
Blake Coleman,C,USA,311.0,328,0.9482,16.792122186495178,14.12374062165059,0.927706323687031,1.7406752411575563,0.954,0.954,1.907,8.605,2.413,6.468,0.103,0.691,0.122,71.0,199.0,27.75,3,53.62,52.52,0.902
Blake Lizotte,C,USA,257.0,328,0.7835,12.80129701686122,11.07775616083009,0.058041504539559,1.6654993514915692,0.657,0.948,1.605,5.179,2.389,4.906,0.018,0.549,0.093,69.0,176.0,25.99,2,51.01,49.37,0.569
Bo Horvat,C,CAN,309.0,328,0.9421,20.275242718446602,15.781607335490833,3.217583603020496,1.2760517799352749,1.245,1.168,2.413,9.06,1.676,2.576,0.603,0.366,0.006,73.0,225.0,29.68,1,51.75,51.38,0.775
Bobby Brink,RW,USA,204.0,246,0.8293,14.622385620915033,12.584068627450979,2.0263071895424836,0.01200980392156858,0.764,1.126,1.891,5.833,1.871,4.304,0.322,0.275,-0.083,68.0,169.0,25.69,0,48.5,51.04,0.627
Bowen Byram,D,CAN,279.0,328,0.8506,21.825985663082438,19.135603345280764,1.2814217443249702,1.4089605734767023,0.384,0.926,1.31,3.468,3.616,2.966,0.158,0.663,0.118,73.0,205.0,27.04,3,49.22,47.48,0.233
Brad Marchand,LW,CAN,278.0,328,0.8476,18.462050359712226,13.66223021582734,3.3627697841726616,1.4370503597122302,1.169,1.625,2.794,8.429,1.251,3.659,1.029,0.914,0.022,69.0,180.0,26.58,2,49.64,49.27,0.805
Braden Schneider,D,CAN,325.0,328,0.9909,17.465538461538458,15.864051282051282,0.11728205128205126,1.4842051282051283,0.19,0.613,0.803,3.922,5.803,6.585,0.0,0.234,0.037,75.0,206.0,25.75,3,46.7,46.32,0.156
Brady Skjei,D,USA,325.0,328,0.9909,21.879025641025645,18.313076923076924,1.12225641025641,2.443692307692308,0.371,0.844,1.215,5.4,2.776,2.211,0.27,0.498,-0.028,75.0,210.0,26.25,0,52.05,49.66,0.221
Brady Tkachuk,LW,USA,295.0,328,0.8994,18.31389830508475,14.699604519774011,3.5690395480225994,0.04525423728813556,1.366,1.644,3.01,13.56,1.055,10.284,1.044,1.539,-0.017,76.0,226.0,27.51,23,55.73,57.07,1.126
Brandon Carlo,D,USA,289.0,328,0.8811,19.21349480968858,16.257727797001152,0.025836216839677,2.929930795847751,0.086,0.443,0.529,3.415,5.522,4.571,0.0,0.533,0.266,77.0,227.0,26.92,4,43.87,46.59,0.112
Brandon Duhaime,RW,USA,295.0,328,0.8994,11.566553672316385,9.941581920903955,0.04073446327683614,1.584237288135593,0.475,0.457,0.932,5.609,3.112,11.922,0.0,0.976,0.007,74.0,210.0,26.96,30,47.26,48.51,0.658
Brandon Hagel,LW,CAN,316.0,328,0.9634,19.580590717299575,15.483597046413502,2.087710970464135,2.009282700421941,1.232,1.707,2.938,7.796,1.949,2.172,0.417,0.788,0.288,74.0,186.0,23.88,5,54.9,57.74,0.989
Brandon Montour,D,CAN,291.0,328,0.8872,23.27205040091638,19.631729667812138,3.138888888888889,0.5014318442153494,0.47,1.116,1.586,7.23,2.995,3.145,0.611,0.921,-0.113,72.0,199.0,26.99,5,50.23,49.32,0.308
Brandon Saad,LW,USA,274.0,328,0.8354,15.22390510948905,13.321836982968371,1.1724452554744527,0.7296228710462287,0.877,0.82,1.697,6.847,1.237,0.921,0.173,0.19,-0.099,73.0,207.0,27.31,0,48.24,50.01,0.851
Brandon Tanev,LW,CAN,283.0,328,0.8628,13.043345111896349,11.096407538280328,0.040106007067137815,1.906831566548881,0.536,0.699,1.235,5.348,4.372,10.744,0.0,0.569,-0.014,72.0,189.0,25.63,11,46.23,46.78,0.683
Brayden McNabb,D,CAN,309.0,328,0.9421,19.89848975188781,17.702642934196334,0.03468176914778854,2.161165048543689,0.146,0.585,0.732,3.445,6.958,5.767,0.01,0.472,0.256,76.0,215.0,26.17,3,51.22,53.56,0.165
Brayden Point,C,CAN,303.0,328,0.9238,19.4026402640264,15.713971397139712,3.6674917491749173,0.021177117711771117,1.602,1.633,3.235,7.961,1.521,0.888,1.061,0.139,0.05,71.0,177.0,24.68,2,51.02,50.91,0.798
Brayden Schenn,C,CAN,326.0,328,0.9939,17.617893660531696,14.806237218813909,2.271370143149284,0.5402862985685072,0.804,1.285,2.089,6.028,1.964,7.135,0.449,0.721,-0.227,73.0,200.0,26.38,17,46.22,47.16,0.644
Brendan Gallagher,RW,CAN,273.0,328,0.8323,13.465201465201465,11.953113553113553,1.512087912087912,0.0,0.849,0.881,1.73,8.422,1.73,4.423,0.294,0.722,-0.128,69.0,185.0,27.32,4,49.26,51.46,1.011
Brenden Dillon,D,CAN,323.0,328,0.9848,18.703973168214652,16.197420020639836,0.08679050567595455,2.419762641898865,0.149,0.586,0.735,2.632,4.271,8.263,0.0,1.003,0.053,76.0,225.0,27.38,22,50.03,49.93,0.108
Brent Burns,D,CAN,328.0,328,1.0,21.10833333333333,16.879166666666666,1.9874999999999998,2.2416666666666663,0.399,1.057,1.456,6.812,3.137,0.971,0.407,0.378,0.238,77.0,228.0,27.03,0,57.9,56.34,0.241
Brett Howden,C,CAN,264.0,328,0.8049,14.02222222222222,12.795328282828283,0.18648989898989898,1.0404040404040402,0.794,0.729,1.524,5.187,2.593,6.71,0.049,0.686,0.008,74.0,201.0,25.8,5,48.08,49.87,0.72
Brett Kulak,D,CAN,329.0,328,1.003,18.077608915906787,16.5403748733536,0.12082066869300907,1.4164133738601823,0.141,0.595,0.736,4.419,4.237,2.31,0.01,0.386,0.0,73.0,192.0,25.33,2,51.82,52.2,0.165
Brett Pesce,D,USA,261.0,328,0.7957,21.093295019157086,18.341890166028094,0.4240740740740741,2.327330779054917,0.131,0.599,0.73,4.305,4.806,1.057,0.044,0.375,0.019,75.0,206.0,25.75,2,54.49,52.3,0.192
Brian Dumoulin,D,USA,324.0,328,0.9878,18.71810699588477,16.682510288065842,0.07088477366255143,1.9647119341563788,0.119,0.673,0.791,2.78,4.145,3.017,0.0,0.222,-0.009,76.0,215.0,26.17,0,50.21,48.42,0.133
Brock Boeser,RW,USA,305.0,328,0.9299,18.23918032786885,14.723934426229508,3.2939344262295083,0.22131147540983606,1.132,1.305,2.438,7.474,1.305,2.535,0.863,0.203,-0.23,73.0,208.0,27.44,0,47.66,46.27,0.631
Brock Faber,D,USA,242.0,328,0.7378,24.987603305785125,20.601377410468316,1.9365013774104682,2.4497245179063363,0.327,0.933,1.26,4.306,4.187,1.33,0.367,0.364,0.07,73.0,200.0,26.38,2,48.19,50.64,0.204
Brock Nelson,C,USA,325.0,328,0.9909,18.74225641025641,14.95574358974359,2.860307692307692,0.9262051282051281,1.271,1.34,2.61,8.383,1.95,1.586,0.601,0.326,0.095,76.0,205.0,24.95,0,51.67,53.6,0.919
Bryan Rust,RW,USA,286.0,328,0.872,19.21165501165501,15.083682983682984,2.6583916083916086,1.4695804195804198,1.179,1.354,2.533,8.518,2.468,2.643,0.677,0.332,-0.052,71.0,202.0,28.17,1,50.36,50.55,0.953
Cale Makar,D,CAN,292.0,328,0.8902,25.355878995433788,19.08093607305936,3.959931506849315,2.315011415525114,0.713,1.937,2.65,6.904,3.817,1.524,1.078,0.288,0.312,72.0,187.0,25.36,0,54.69,55.05,0.377
Cam Fowler,D,USA,313.0,328,0.9543,22.831203407880725,18.89307774227902,2.0342917997870074,1.9038338658146965,0.235,1.083,1.318,3.51,3.207,0.638,0.411,0.211,-0.185,74.0,213.0,27.34,0,48.47,47.44,0.135
Cameron York,D,,276.0,328,0.8415,21.55157004830918,18.15132850241546,1.4323671497584543,1.9678743961352652,0.202,0.736,0.938,3.329,5.185,2.058,0.161,0.42,-0.062,,,,0,,,
Carson Soucy,D,CAN,269.0,328,0.8201,16.959417596034697,15.121499380421314,0.16350681536555134,1.6744114002478316,0.184,0.434,0.618,3.406,4.695,5.629,0.026,0.61,0.041,76.0,211.0,25.68,2,46.34,46.03,0.154
Carter Verhaeghe,C,CAN,315.0,328,0.9604,17.714656084656085,15.045026455026456,2.6491005291005294,0.020529100529100494,1.301,1.419,2.72,10.204,1.086,2.742,0.656,0.508,-0.003,74.0,183.0,23.49,0,56.28,54.21,0.874
Casey Cizikas,C,CAN,314.0,328,0.9573,13.27319532908705,11.695488322717623,0.10382165605095538,1.4738853503184715,0.475,0.662,1.137,5.327,3.628,9.761,0.029,0.468,-0.057,71.0,191.0,26.64,4,47.57,48.22,0.717
Casey Mittelstadt,C,USA,314.0,328,0.9573,16.429617834394904,14.196656050955413,2.1246815286624208,0.10828025477707007,0.733,1.57,2.303,5.187,1.175,1.256,0.523,0.287,-0.048,73.0,205.0,27.04,0,50.35,48.0,0.426
Chandler Stephenson,C,CAN,314.0,328,0.9573,19.07356687898089,14.748991507430999,2.633864118895966,1.690711252653928,0.611,1.553,2.164,3.827,2.024,1.703,0.621,0.283,-0.096,72.0,201.0,27.26,1,43.92,39.77,0.3
Charle-Edouard D'Astous,D,CAN,70.0,82,0.8537,18.73333333333333,17.35,0.95,0.4333333333333333,0.275,1.052,1.327,3.66,3.386,4.392,0.092,1.6,-0.057,74.0,211.0,27.09,2,53.47,55.3,0.215
Charlie Coyle,C,USA,329.0,328,1.003,17.510840932117528,13.669351570415401,1.575683890577508,2.26580547112462,0.812,1.25,2.062,5.676,2.468,4.353,0.323,0.322,0.064,75.0,221.0,27.62,0,48.01,50.9,0.706
Charlie McAvoy,D,USA,260.0,328,0.7927,23.821602564102566,18.52474358974359,3.06448717948718,2.232371794871795,0.358,1.414,1.773,4.33,4.844,3.982,0.572,0.954,0.177,73.0,211.0,27.84,2,49.16,50.45,0.258
Chris Kreider,LW,USA,304.0,328,0.9268,17.780866228070174,13.134046052631579,3.2875548245614037,1.3592653508771928,1.321,0.999,2.32,8.503,0.999,4.163,0.777,0.362,0.102,75.0,232.0,28.99,0,51.78,51.44,0.809
Christian Dvorak,C,USA,256.0,328,0.7805,16.66119791666667,13.359895833333333,1.1839843749999999,2.117317708333333,0.633,1.069,1.702,5.317,2.968,1.561,0.155,0.207,-0.043,73.0,190.0,25.06,1,45.35,47.57,0.724
Claude Giroux,C,CAN,327.0,328,0.997,18.321253822629966,14.102089704383282,2.5713047910295614,1.6478593272171251,0.851,1.572,2.424,6.74,1.282,2.444,0.741,0.306,0.006,71.0,186.0,25.94,0,53.8,52.03,0.551
Clayton Keller,C,USA,323.0,328,0.9848,19.5343653250774,16.0781217750258,3.295768833849329,0.16047471620227036,1.198,2.035,3.233,8.501,1.198,0.542,1.084,0.455,-0.043,70.0,175.0,25.11,1,53.87,52.13,0.739
Cody Ceci,D,CAN,326.0,328,0.9939,19.708282208588955,17.174437627811862,0.058588957055214684,2.475255623721881,0.103,0.579,0.682,3.119,4.529,3.203,0.0,0.239,0.058,75.0,210.0,26.25,0,48.08,47.79,0.13
Cody Glass,C,CAN,248.0,328,0.7561,13.904838709677422,12.038440860215056,1.2953629032258065,0.5710349462365591,0.783,0.887,1.67,7.116,2.245,3.271,0.244,0.383,-0.008,75.0,201.0,25.12,1,52.01,49.77,0.725
Cole Caufield,RW,USA,291.0,328,0.8872,18.45761741122566,15.128178694158077,3.3294387170675828,0.0,1.586,1.307,2.893,10.824,0.961,2.122,0.86,0.158,0.082,68.0,175.0,26.61,0,50.54,49.27,0.92
Cole Perfetti,C,CAN,272.0,328,0.8293,14.819852941176471,12.859313725490196,1.9605392156862744,0.0,0.848,1.384,2.233,7.606,1.831,2.769,0.551,0.25,0.103,71.0,185.0,25.8,0,53.02,52.87,0.757
Cole Sillinger,C,USA,288.0,328,0.878,15.400462962962962,13.373379629629632,0.795023148148148,1.2320601851851851,0.473,1.001,1.475,6.967,2.57,5.546,0.108,0.486,-0.125,72.0,202.0,27.39,4,47.77,45.74,0.649
Cole Smith,F,USA,283.0,328,0.8628,13.321378091872791,11.15718492343934,0.029505300353356845,2.1346878680800945,0.398,0.621,1.019,4.997,1.655,12.239,0.0,0.82,-0.071,75.0,195.0,24.37,19,49.55,49.87,0.711
Colin Blackwell,C,USA,230.0,328,0.7012,12.24514492753623,10.370507246376812,0.055072463768115934,1.8195652173913044,0.426,0.724,1.15,5.646,2.109,6.178,0.043,0.313,-0.07,68.0,181.0,27.52,0,49.16,47.41,0.627
Colton Parayko,D,CAN,302.0,328,0.9207,23.161313465783664,20.411865342163356,0.41782560706401767,2.331622516556291,0.292,0.626,0.918,4.435,5.859,3.56,0.034,0.278,-0.03,78.0,228.0,26.35,2,46.03,48.23,0.219
Colton Sissons,C,CAN,301.0,328,0.9177,14.928626799557032,11.876411960132891,0.8993909191583609,2.152823920265781,0.534,0.761,1.295,4.967,3.231,6.596,0.16,0.359,-0.11,73.0,200.0,26.38,2,48.58,50.9,0.702
Connor Bedard,C,CAN,219.0,246,0.8902,20.288964992389648,17.1486301369863,3.1163622526636225,0.023972602739726012,1.013,1.728,2.741,8.467,1.229,1.782,0.959,0.676,-0.447,70.0,190.0,27.26,0,43.16,41.6,0.724
Connor Brown,RW,CAN,232.0,328,0.7073,14.806034482758621,12.414224137931035,0.6691091954022987,1.7227011494252875,0.611,0.873,1.485,6.096,1.729,1.432,0.14,0.181,-0.013,72.0,184.0,24.95,0,50.28,50.45,0.714
Connor Clifton,D,USA,280.0,328,0.8537,16.791845238095238,14.754107142857144,0.02791666666666664,2.0098214285714286,0.153,0.651,0.804,3.42,5.577,10.209,0.0,0.879,0.111,72.0,196.0,26.58,14,47.71,48.03,0.171
Connor Dewar,C,CAN,281.0,328,0.8567,12.043653618030842,9.941577698695136,0.05741399762752068,2.044661921708185,0.621,0.745,1.365,5.833,3.032,9.219,0.0,0.395,0.0,70.0,187.0,26.83,7,48.32,48.8,0.697
Connor McDavid,C,CAN,307.0,328,0.936,22.19473398479913,17.915092290988053,3.5514115092290988,0.7282301845819761,1.497,3.108,4.605,9.836,1.118,2.527,1.761,0.479,0.306,73.0,194.0,25.59,0,57.84,60.19,0.894
Connor McMichael,C,CAN,246.0,328,0.75,16.355826558265584,13.573983739837397,1.4757452574525745,1.3060975609756096,0.865,1.163,2.028,6.8,1.834,1.954,0.313,0.48,0.028,72.0,180.0,24.41,2,48.0,50.05,0.911
Connor Murphy,D,USA,274.0,328,0.8354,19.199148418491482,16.76411192214112,0.05912408759124083,2.375912408759124,0.182,0.468,0.65,3.308,6.513,5.566,0.0,0.847,-0.12,76.0,212.0,25.8,16,44.99,45.32,0.131
Connor Zary,C,CAN,191.0,246,0.7764,15.13219895287958,13.177661431064573,1.9545375218150087,0.0,0.81,0.976,1.785,6.456,1.495,2.076,0.415,0.304,-0.021,72.0,178.0,24.14,0,51.9,50.05,0.704
Conor Garland,RW,USA,315.0,328,0.9604,16.313968253968252,13.771216931216932,2.044021164021164,0.4987301587301587,0.794,1.261,2.055,7.881,1.681,2.265,0.502,0.483,-0.063,70.0,165.0,23.67,6,50.92,52.69,0.681
Corey Perry,RW,CAN,288.0,328,0.878,12.514062500000001,10.725520833333333,1.7885416666666667,0.0,0.999,0.899,1.898,6.842,1.465,2.614,0.599,0.983,-0.076,75.0,210.0,26.25,24,51.69,51.84,0.723
Dakota Joshua,C,USA,254.0,328,0.7744,12.687860892388453,11.396916010498687,0.30104986876640416,0.9898950131233597,0.856,0.763,1.62,4.822,2.439,15.918,0.074,0.815,-0.047,75.0,218.0,27.25,13,47.18,50.05,0.818
Damon Severson,D,CAN,289.0,328,0.8811,20.255074971164937,18.166032295271048,1.0360438292964245,1.0529988465974625,0.307,0.902,1.209,3.833,3.977,1.753,0.113,0.626,0.076,74.0,204.0,26.19,3,51.45,51.67,0.235
Danila Yurov,RW,RUS,73.0,82,0.8902,13.266666666666666,12.433333333333334,0.6,0.2333333333333333,0.743,0.929,1.673,4.956,2.664,3.841,0.186,0.384,-0.096,73.0,178.0,23.48,0,46.51,49.27,0.786
Dante Fabbro,D,CAN,277.0,328,0.8445,17.80968712394705,16.129963898916966,0.12154031287605291,1.5581829121540312,0.231,0.511,0.742,3.928,5.838,3.527,0.012,0.531,0.032,72.0,200.0,27.12,1,49.58,52.55,0.135
Danton Heinen,C,CAN,264.0,328,0.8049,12.670959595959596,11.524431818181819,0.48049242424242417,0.6660353535353535,0.717,1.058,1.776,6.098,2.386,5.273,0.09,0.33,0.076,74.0,187.0,24.01,1,49.9,49.85,0.718
Darnell Nurse,D,CAN,321.0,328,0.9787,22.159916926272068,19.211889927310487,0.7952232606438213,2.1528037383177567,0.287,0.827,1.113,6.208,5.381,5.162,0.067,0.994,0.087,76.0,215.0,26.17,13,51.11,53.54,0.235
Darren Raddysh,D,CAN,245.0,328,0.747,19.421428571428567,16.964285714285715,1.8878911564625849,0.5692517006802721,0.441,1.362,1.803,5.624,3.253,2.585,0.53,0.453,0.094,73.0,202.0,26.65,3,53.64,53.92,0.194
David KÃ¤mpf,C,CZE,259.0,328,0.7896,13.985521235521233,11.678185328185327,0.04864864864864862,2.258687258687259,0.364,0.712,1.077,4.423,1.822,4.191,0.0,0.201,-0.046,74.0,198.0,25.42,0,46.8,44.09,0.453
David PastrÅÃ¡k,RW,,323.0,328,0.9848,20.053663570691434,16.353147574819403,3.6671826625387,0.0333333333333333,1.667,2.307,3.974,12.681,1.0,2.825,1.186,0.616,0.183,,,,0,,,
David Perron,LW,CAN,266.0,328,0.811,15.238471177944861,12.566040100250627,2.6724310776942355,0.0,0.933,1.243,2.176,7.549,1.229,5.625,0.785,0.598,-0.124,72.0,202.0,27.39,0,48.76,48.69,0.608
Dawson Mercer,C,CAN,328.0,328,1.0,17.454166666666666,14.316666666666666,1.4750000000000003,1.6624999999999999,0.901,0.849,1.75,6.225,2.232,1.467,0.314,0.28,-0.006,72.0,180.0,24.41,2,50.66,51.38,0.753
Denton Mateychuk,D,CAN,120.0,164,0.7317,18.735416666666666,16.816666666666666,0.61875,1.3,0.454,0.721,1.174,3.523,4.137,1.388,0.08,0.233,0.133,71.0,188.0,26.22,0,49.17,49.55,0.197
Devon Toews,D,CAN,306.0,328,0.9329,23.90098039215686,19.66492374727669,1.5412854030501089,2.694771241830065,0.263,1.116,1.378,4.734,3.56,1.911,0.131,0.333,0.438,73.0,191.0,25.2,0,55.64,55.54,0.253
Dmitri Voronkov,LW,RUS,211.0,246,0.8577,14.730884676145342,12.69660347551343,2.022748815165877,0.011532385466034743,1.12,1.062,2.181,7.837,2.355,5.0,0.541,0.787,0.047,77.0,234.0,27.75,6,51.0,50.27,0.915
Dmitry Kulikov,D,RUS,232.0,328,0.7073,18.305890804597702,15.907471264367814,0.059339080459770065,2.339080459770115,0.113,0.579,0.692,3.348,3.942,5.326,0.014,0.625,0.039,73.0,212.0,27.97,0,53.59,52.75,0.169
Dmitry Orlov,D,RUS,306.0,328,0.9329,20.11917211328976,17.6119825708061,1.1145969498910675,1.3925925925925926,0.214,1.023,1.238,4.493,2.748,4.649,0.312,0.425,0.013,71.0,215.0,29.98,0,56.57,54.11,0.196
Dougie Hamilton,D,CAN,243.0,328,0.7409,21.10404663923182,17.906104252400546,2.5906721536351163,0.607270233196159,0.562,1.416,1.977,8.471,3.182,2.843,0.76,0.617,0.086,78.0,230.0,26.58,0,54.24,52.93,0.303
Drake Batherson,C,CAN,325.0,328,0.9909,18.052410256410255,14.696820512820514,3.342974358974359,0.012615384615384589,1.115,1.616,2.731,8.222,1.227,4.95,1.145,0.425,-0.185,75.0,209.0,26.12,2,51.71,51.3,0.705
Drew Doughty,D,CAN,265.0,328,0.8079,24.97421383647799,20.377987421383647,2.686352201257862,1.9098742138364777,0.299,0.988,1.287,3.871,3.327,2.738,0.49,0.521,0.151,73.0,210.0,27.7,0,53.62,54.9,0.116
Drew O'Connor,F,USA,291.0,328,0.8872,14.084249713631156,12.619301260022912,0.20458190148911795,1.2603665521191294,0.703,0.732,1.435,6.954,2.269,4.04,0.029,0.388,-0.058,76.0,209.0,25.44,1,50.48,48.65,0.946
Dylan Cozens,C,CAN,324.0,328,0.9878,16.936471193415635,13.435802469135801,2.637602880658436,0.8630658436213994,1.017,1.4,2.416,8.78,1.378,6.375,0.754,0.648,-0.096,75.0,205.0,25.62,6,52.07,51.51,0.843
Dylan DeMelo,D,CAN,321.0,328,0.9787,21.070664589823465,18.592419522326065,0.09184839044652125,2.3863966770508824,0.133,0.719,0.852,2.892,4.098,4.781,0.009,0.511,0.293,73.0,194.0,25.59,0,50.31,52.53,0.108
Dylan Larkin,C,USA,304.0,328,0.9268,19.964802631578944,15.22543859649123,3.2569078947368424,1.4824561403508774,1.275,1.542,2.817,9.164,1.255,1.789,1.068,0.566,-0.049,73.0,204.0,26.91,2,51.39,48.3,0.659
Dylan Samberg,D,USA,267.0,328,0.814,18.207116104868916,15.921722846441948,0.060112359550561774,2.2252808988764046,0.123,0.617,0.741,3.801,5.418,3.271,0.025,0.404,0.243,76.0,216.0,26.29,2,52.13,52.02,0.133
Dylan Strome,C,CAN,325.0,328,0.9909,17.490974358974356,14.454205128205128,3.0118974358974357,0.024871794871794823,1.034,1.837,2.871,6.491,2.227,0.697,1.034,0.388,-0.04,76.0,200.0,24.34,0,49.68,50.06,0.688
Easton Cowan,RW,CAN,66.0,82,0.8049,14.7,13.15,1.55,0.0,0.68,1.113,1.793,5.69,1.979,4.453,0.371,0.682,-0.076,72.0,190.0,25.77,1,45.24,44.82,0.504
Eeli Tolvanen,RW,FIN,301.0,328,0.9177,15.130730897009968,12.89235880398671,1.7854928017718716,0.45287929125138426,0.909,0.975,1.884,7.206,3.583,9.551,0.474,0.302,-0.073,70.0,182.0,26.11,1,46.97,45.81,0.629
Eetu Luostarinen,C,FIN,317.0,328,0.9665,15.907570977917981,12.891587802313355,0.7934805467928496,2.222502628811777,0.583,0.928,1.511,5.295,2.665,5.913,0.107,0.36,0.114,75.0,191.0,23.87,1,54.45,52.85,0.664
Elias Lindholm,C,SWE,306.0,328,0.9329,18.549291938997822,13.850708061002178,2.8588235294117648,1.8397603485838778,0.751,1.395,2.146,6.596,2.632,3.615,0.708,0.297,-0.062,73.0,200.0,26.38,1,47.99,47.72,0.677
Elias Pettersson,C,SWE,634.0,328,1.9329,17.393690851735013,14.224132492113563,2.160199789695058,1.0093585699263932,0.767,1.458,2.225,5.844,3.966,4.521,0.718,0.325,-0.132,74.0,176.0,22.59,2,47.77,46.77,0.443
Emmitt Finnie,C,CAN,82.0,82,1.0,15.483333333333333,13.433333333333334,1.3833333333333333,0.6666666666666666,0.614,0.803,1.418,5.671,1.938,6.191,0.378,0.073,-0.122,73.0,195.0,25.72,0,49.43,48.68,0.798
Eric Robinson,LW,USA,268.0,328,0.8171,12.309390547263682,11.13942786069652,0.013432835820895495,1.1565298507462687,0.746,0.782,1.528,6.42,1.31,7.839,0.0,0.16,-0.011,74.0,220.0,28.24,1,56.39,53.52,0.984
Erik Haula,LW,FIN,306.0,328,0.9329,16.251906318082792,13.272821350762529,1.1215686274509806,1.8575163398692809,0.664,0.965,1.629,6.72,2.28,4.886,0.326,0.667,-0.029,71.0,191.0,26.64,3,50.56,50.79,0.82
Erik Karlsson,D,SWE,321.0,328,0.9787,24.170872274143303,20.2438733125649,3.1587746625129802,0.7682242990654206,0.479,1.655,2.134,6.101,2.683,0.943,0.657,0.38,-0.118,72.0,185.0,25.09,0,53.33,51.99,0.232
Erik ÄernÃ¡k,D,,276.0,328,0.8415,18.56358695652174,15.841062801932367,0.04510869565217388,2.677415458937198,0.117,0.597,0.714,3.01,4.766,7.916,0.0,0.87,0.163,,,,0,,,
Esa Lindell,D,FIN,326.0,328,0.9939,21.41635991820041,17.494683026584866,0.26707566462167687,3.6546012269938646,0.206,0.722,0.928,3.541,5.655,2.08,0.026,0.172,0.337,75.0,217.0,27.12,0,48.24,53.12,0.166
Evan Bouchard,D,CAN,327.0,328,0.997,22.38572884811417,18.52288481141692,3.144954128440367,0.7178899082568807,0.5,1.828,2.328,6.82,3.205,1.852,0.877,0.373,0.242,75.0,192.0,24.0,0,58.27,59.12,0.285
Evan Rodrigues,C,CAN,300.0,328,0.9146,16.194111111111113,14.003111111111112,1.7546666666666662,0.43633333333333324,0.667,1.074,1.741,8.534,1.284,4.063,0.408,0.467,0.043,71.0,182.0,25.38,0,56.87,54.94,0.684
Evgeni Malkin,C,RUS,288.0,328,0.878,18.17789351851852,14.83888888888889,3.3342592592592593,0.004745370370370351,1.02,1.971,2.991,8.149,1.605,1.582,1.054,0.885,-0.062,77.0,213.0,25.26,1,50.36,50.72,0.733
Fabian Zetterlund,W,SWE,315.0,328,0.9604,15.426666666666666,13.609576719576719,1.6173015873015875,0.19978835978835977,0.815,0.926,1.741,7.84,2.519,5.951,0.42,0.244,-0.108,71.0,208.0,29.01,1,46.43,46.13,0.789
Fedor Svechkov,C,RUS,122.0,164,0.7439,12.39808743169399,11.350546448087433,0.5838797814207651,0.4636612021857924,0.476,0.873,1.349,5.315,2.102,3.649,0.198,0.295,-0.189,72.0,187.0,25.36,0,49.86,47.27,0.568
Filip Forsberg,C,SWE,296.0,328,0.9024,18.548873873873873,15.328828828828831,3.212612612612612,0.007432432432432403,1.508,1.628,3.136,11.267,1.628,5.486,1.06,0.476,-0.057,73.0,205.0,27.04,1,52.17,51.19,0.961
Filip Hronek,D,CZE,288.0,328,0.878,23.564641203703705,19.576157407407408,1.9398148148148147,2.0486689814814816,0.239,1.255,1.494,4.35,2.829,3.784,0.486,0.503,0.059,72.0,190.0,25.77,1,51.97,49.77,0.15
Frank Vatrano,LW,USA,294.0,328,0.8963,16.533390022675736,13.41530612244898,1.9697278911564626,1.148356009070295,1.049,0.864,1.913,10.072,3.086,6.11,0.432,0.922,-0.248,71.0,203.0,28.31,3,46.59,45.76,0.855
FrÃ©dÃ©rick Gaudreau,C,,299.0,328,0.9116,15.459141583054627,12.575585284280937,0.9956521739130434,1.8879041248606467,0.636,0.844,1.48,5.491,2.752,1.921,0.247,0.137,-0.054,,,,0,,,
Gabriel Landeskog,LW,SWE,60.0,82,0.7317,16.383333333333333,13.85,2.5166666666666666,0.0166666666666666,0.855,1.282,2.136,8.057,1.953,5.249,0.305,0.783,0.483,73.0,215.0,28.36,1,55.51,56.42,0.972
Gabriel Vilardi,C,CAN,263.0,328,0.8018,17.492839036755388,14.465209125475287,3.0184410646387834,0.009188846641318088,1.33,1.369,2.7,6.769,1.852,1.252,0.939,0.266,0.068,75.0,216.0,27.0,0,48.55,49.9,0.777
Garnet Hathaway,RW,USA,299.0,328,0.9116,11.663656633221851,10.247826086956524,0.04515050167224077,1.3706800445930882,0.533,0.551,1.084,5.247,4.731,18.977,0.0,1.064,-0.01,74.0,212.0,27.22,14,47.46,52.47,0.62
Gustav Forsling,D,SWE,321.0,328,0.9787,22.76858774662513,19.007632398753895,0.6917964693665628,3.069158878504673,0.296,0.846,1.141,5.55,3.243,2.586,0.082,0.467,0.321,73.0,199.0,26.25,2,56.08,54.46,0.196
Gustav Nyquist,RW,SWE,262.0,328,0.7988,16.436323155216286,13.361641221374047,2.085178117048346,0.9895038167938931,0.641,1.338,1.978,5.852,1.63,2.076,0.46,0.191,-0.13,71.0,180.0,25.1,0,51.41,51.12,0.563
Hampus Lindholm,D,SWE,237.0,328,0.7226,22.580872011251756,18.232067510548518,1.8033755274261605,2.5454289732770743,0.235,1.02,1.256,4.395,3.588,1.614,0.303,0.764,0.278,76.0,217.0,26.41,1,50.8,51.01,0.16
Henri Jokiharju,D,FIN,235.0,328,0.7165,18.971985815602835,17.520283687943262,0.32191489361702125,1.1297872340425532,0.148,0.633,0.781,3.526,3.418,3.122,0.027,0.349,0.072,72.0,205.0,27.8,0,49.99,47.7,0.122
Ian Cole,D,USA,320.0,328,0.9756,19.127916666666668,16.234583333333333,0.03697916666666662,2.8563541666666667,0.088,0.578,0.667,2.921,6.381,3.715,0.0,0.778,0.116,73.0,237.0,31.26,7,50.61,53.13,0.14
Ilya Lyubushkin,D,RUS,275.0,328,0.8384,16.382727272727273,14.164666666666667,0.013454545454545401,2.2046060606060607,0.053,0.546,0.599,2.291,6.632,5.687,0.0,0.607,-0.025,74.0,206.0,26.45,3,45.27,47.04,0.115
Ilya Mikheyev,F,RUS,281.0,328,0.8567,15.950118623962041,13.677402135231318,0.5491696322657176,1.723546856465006,0.83,0.897,1.727,6.68,0.964,1.7,0.04,0.142,0.036,74.0,192.0,24.65,0,48.14,47.02,0.752
Isac LundestrÃ¶m,C,,254.0,328,0.7744,13.541338582677165,11.379396325459318,0.15183727034120736,2.01010498687664,0.297,0.611,0.907,3.681,3.018,2.686,0.035,0.071,-0.11,,,,0,,,
Ivan Barbashev,C,RUS,316.0,328,0.9634,16.445991561181433,14.837341772151897,1.405379746835443,0.20327004219409284,0.935,1.397,2.332,5.68,1.847,6.962,0.219,0.342,0.196,72.0,203.0,27.53,4,49.92,53.07,0.754
Ivan Provorov,D,RUS,328.0,328,1.0,23.316666666666666,19.45,1.0875,2.779166666666667,0.212,0.753,0.965,3.766,4.535,1.718,0.133,0.326,-0.009,73.0,224.0,29.55,1,49.03,47.75,0.171
J.J. Moser,D,CHE,295.0,328,0.8994,20.633446327683615,17.29242937853107,0.9085875706214688,2.432429378531073,0.207,0.779,0.986,3.243,4.041,2.701,0.158,0.546,0.149,74.0,183.0,23.49,5,52.69,51.49,0.193
J.T. Compher,LW,USA,317.0,328,0.9665,18.04737118822292,14.297476340694008,1.8347003154574129,1.9151945320715038,0.608,1.07,1.678,4.772,2.716,1.458,0.357,0.372,-0.054,72.0,191.0,25.9,2,44.7,45.03,0.567
J.T. Miller,C,USA,302.0,328,0.9207,19.616004415011037,14.71346578366446,3.478256070640177,1.424282560706402,1.094,2.026,3.119,7.07,1.985,7.171,1.124,0.682,-0.036,72.0,211.0,28.61,10,50.35,50.65,0.714
JJ Peterka,RW,DEU,318.0,328,0.9695,16.025157232704398,13.971016771488468,2.0379979035639413,0.016142557651991594,1.083,1.236,2.319,8.042,0.742,1.071,0.412,0.365,0.0,72.0,189.0,25.63,0,51.72,49.51,0.71
Jaccob Slavin,D,USA,276.0,328,0.8415,21.441183574879226,18.489432367149757,0.180012077294686,2.7717391304347827,0.203,0.801,1.004,4.613,4.187,1.196,0.0,0.101,0.228,75.0,207.0,25.87,0,59.1,56.67,0.203
Jack Drury,C,USA,266.0,328,0.811,12.892230576441102,11.067418546365914,0.6776942355889723,1.1471177944862154,0.49,0.91,1.4,6.421,2.747,2.327,0.175,0.376,0.086,71.0,186.0,25.94,4,58.81,55.83,0.646
Jack Eichel,C,USA,281.0,328,0.8567,20.2635231316726,15.734163701067613,3.2249110320284693,1.3044483985765123,1.191,2.16,3.351,10.474,2.234,1.496,1.033,0.21,0.302,74.0,208.0,26.7,1,51.86,55.34,0.821
Jack Hughes,C,USA,263.0,328,0.8018,20.710076045627375,17.137262357414446,3.2647655259822557,0.3080481622306717,1.366,2.159,3.525,11.765,1.267,0.364,1.234,0.175,0.038,71.0,175.0,24.4,0,55.62,54.28,0.912
Jack McBain,C,CAN,306.0,328,0.9329,13.518191721132897,11.605337690631808,0.2351851851851852,1.677668845315904,0.609,0.899,1.508,4.888,2.698,15.52,0.044,0.902,0.062,76.0,219.0,26.65,22,51.27,52.48,0.796
Jack Quinn,RW,CAN,258.0,328,0.7866,14.878811369509044,12.518733850129198,2.0122739018087854,0.3478036175710595,0.907,1.375,2.282,7.753,1.235,2.579,0.516,0.229,-0.085,73.0,185.0,24.41,1,48.8,46.88,0.7
Jack Roslovic,C,USA,286.0,328,0.872,15.332517482517483,13.277505827505827,1.4420745920745919,0.6129370629370628,0.862,1.19,2.052,7.115,1.738,1.779,0.287,0.182,-0.15,73.0,198.0,26.12,0,53.99,50.47,0.788
Jackson LaCombe,D,USA,230.0,328,0.7012,22.034710144927537,17.948768115942027,2.0182608695652173,2.0676811594202897,0.308,1.089,1.397,4.096,4.676,2.297,0.331,0.309,-0.117,74.0,208.0,26.7,1,49.68,49.78,0.25
Jacob Middleton,D,,301.0,328,0.9177,19.46533776301218,17.336212624584718,0.054097452934662206,2.0750276854928016,0.205,0.584,0.789,3.308,6.042,4.598,0.0,0.88,0.043,,,,0,,,
Jacob Trouba,D,USA,309.0,328,0.9421,21.431337648327936,18.24573894282632,0.5820388349514563,2.6035598705501615,0.199,0.716,0.915,5.481,6.668,6.487,0.063,0.754,-0.019,75.0,212.0,26.5,13,48.18,47.9,0.195
Jaden Schwartz,C,CAN,264.0,328,0.8049,17.04962121212121,14.6135101010101,2.2109848484848484,0.2251262626262626,0.946,0.986,1.933,7.465,1.813,2.346,0.413,0.295,-0.125,70.0,185.0,26.54,0,49.5,46.77,0.723
Jake DeBrusk,LW,CAN,307.0,328,0.936,16.749402823018457,13.300217155266013,2.5359934853420194,0.9131921824104235,1.132,0.968,2.1,8.915,1.785,4.131,0.782,0.208,-0.052,73.0,198.0,26.12,0,47.17,49.12,0.795
Jake Evans,C,CAN,286.0,328,0.872,15.421328671328672,12.41223776223776,0.07459207459207456,2.9344988344988345,0.463,0.993,1.456,3.972,2.938,4.435,0.014,0.315,-0.045,72.0,190.0,25.77,2,45.98,46.31,0.534
Jake Guentzel,C,USA,306.0,328,0.9329,20.070479302832243,15.828322440087145,3.7434095860566448,0.4987472766884532,1.417,1.69,3.107,8.978,1.632,1.934,1.006,0.5,0.19,71.0,176.0,24.54,1,53.57,54.39,0.977
Jake McCabe,D,USA,295.0,328,0.8994,20.996949152542378,18.392429378531073,0.23892655367231633,2.365593220338983,0.174,0.804,0.978,3.1,5.86,5.851,0.019,0.732,0.22,73.0,210.0,27.7,8,47.94,49.75,0.132
Jake Neighbours,LW,CAN,271.0,328,0.8262,15.102460024600248,13.023616236162361,1.9063960639606397,0.1724477244772447,1.026,0.88,1.906,5.952,2.316,7.711,0.513,0.531,-0.155,72.0,201.0,27.26,8,46.1,46.43,0.728
Jake Sanderson,D,USA,303.0,328,0.9238,23.548349834983494,17.576292629262927,3.042739273927393,2.9293179317931792,0.328,1.194,1.522,5.315,4.852,1.337,0.698,0.182,0.013,74.0,202.0,25.93,1,53.04,54.34,0.199
Jake Walman,D,CAN,244.0,328,0.7439,20.31113387978142,17.05129781420765,1.2049180327868851,2.054918032786885,0.436,0.763,1.199,6.15,6.138,1.949,0.194,0.578,-0.02,73.0,218.0,28.76,1,48.15,45.37,0.233
Jakob Chychrun,D,CAN,284.0,328,0.8659,22.344718309859154,19.32241784037559,2.6720657276995303,0.35023474178403746,0.652,1.059,1.711,7.072,4.141,2.307,0.539,0.718,0.049,74.0,215.0,27.6,2,51.3,49.71,0.287
Jalen Chatfield,D,USA,301.0,328,0.9177,17.041029900332227,15.601439645625694,0.024307862679955678,1.415282392026578,0.269,0.561,0.831,4.644,2.995,2.761,0.0,0.435,0.249,73.0,209.0,27.57,3,59.18,54.48,0.209
James van Riemsdyk,LW,USA,275.0,328,0.8384,13.151515151515152,11.32230303030303,1.829212121212121,0.0,0.896,1.327,2.223,7.382,1.427,1.626,0.481,0.309,-0.062,75.0,210.0,26.25,1,48.31,50.31,0.858
Jamie Benn,LW,CAN,304.0,328,0.9268,14.96622807017544,11.96951754385965,2.3141447368421053,0.6825657894736842,1.121,1.82,2.941,7.411,2.057,5.275,0.897,0.651,0.138,75.0,210.0,26.25,9,48.46,50.61,0.815
Jamie Oleksiak,D,CAN,317.0,328,0.9665,18.629390115667718,16.071451104100944,0.029074658254468963,2.528864353312303,0.203,0.528,0.732,3.322,5.659,4.288,0.0,0.565,0.057,79.0,252.0,28.39,8,46.86,47.63,0.173
Jared McCann,C,CAN,293.0,328,0.8933,16.695392491467576,12.952844141069399,2.634755403868032,1.107792946530148,1.361,1.496,2.858,9.138,1.595,2.416,0.834,0.253,0.031,73.0,191.0,25.2,2,49.47,49.66,0.636
Jared Spurgeon,D,CAN,240.0,328,0.7317,20.783541666666668,17.20763888888889,1.5560416666666665,2.019861111111111,0.289,0.83,1.119,4.415,5.581,2.586,0.265,0.183,0.196,69.0,166.0,24.51,0,49.95,53.98,0.172
Jason Dickinson,C,CAN,283.0,328,0.8628,15.965901060070673,13.423616018845701,0.42709069493521795,2.1151943462897527,0.598,0.704,1.301,4.9,3.399,5.869,0.04,0.456,-0.163,74.0,200.0,25.68,3,46.64,45.92,0.527
Jason Robertson,LW,USA,328.0,328,1.0,18.779166666666665,15.520833333333332,3.2541666666666664,0.00416666666666665,1.51,2.046,3.555,10.218,1.257,2.357,1.257,0.28,0.268,75.0,204.0,25.5,0,52.54,54.85,0.763
Jason Zucker,LW,USA,282.0,328,0.8598,15.26371158392435,12.951300236406619,2.3124113475177306,0.0,1.199,1.282,2.481,8.628,1.255,5.855,0.781,0.738,-0.05,71.0,198.0,27.61,6,48.45,50.0,0.927
Jean-Gabriel Pageau,C,CAN,305.0,328,0.9299,16.49792349726776,13.070765027322404,1.45,1.977158469945355,0.656,1.133,1.789,5.068,2.981,7.464,0.191,0.177,-0.02,71.0,180.0,25.1,2,47.14,49.1,0.689
Jeff Petry,D,USA,245.0,328,0.747,18.57503401360544,16.22748299319728,0.8625850340136053,1.484965986394558,0.119,0.831,0.949,3.744,5.102,6.025,0.158,0.42,-0.09,75.0,208.0,26.0,1,46.44,48.94,0.142
Jeff Skinner,LW,CAN,257.0,328,0.7835,15.113618677042803,12.812645914396887,2.286251621271077,0.014721141374837843,1.251,1.375,2.626,10.087,0.942,1.684,0.602,0.44,0.023,71.0,200.0,27.89,0,50.61,47.76,0.871
Jeremy Lauzon,D,CAN,242.0,328,0.7378,17.622865013774106,15.351170798898071,0.036019283746556455,2.2356749311294766,0.141,0.422,0.563,3.911,4.46,14.266,0.0,1.198,-0.087,75.0,225.0,28.12,22,50.08,51.07,0.19
Jesper Boqvist,C,SWE,268.0,328,0.8171,12.043656716417912,11.164614427860695,0.1958333333333333,0.6832089552238805,0.595,0.725,1.32,5.0,1.766,8.421,0.019,0.149,0.019,73.0,191.0,25.2,0,49.17,49.44,0.538
Jesper Bratt,W,SWE,327.0,328,0.997,18.56559633027523,14.763149847094802,2.975433231396534,0.827013251783894,1.008,2.105,3.113,8.084,1.206,2.57,1.018,0.147,0.006,70.0,175.0,25.11,0,55.32,54.9,0.823
Jesperi Kotkaniemi,C,FIN,281.0,328,0.8567,13.51725978647687,12.153024911032029,1.2540332147093716,0.11020166073546854,0.695,1.074,1.769,6.54,1.58,4.581,0.221,0.512,0.064,75.0,212.0,26.5,2,57.83,53.45,0.721
Joe Veleno,C,,296.0,328,0.9024,12.76233108108108,11.62713963963964,0.36334459459459456,0.7718468468468468,0.492,0.619,1.112,4.733,2.462,8.974,0.143,0.307,-0.213,,,,0,45.99,45.01,0.502
Joel Armia,RW,FIN,257.0,328,0.7835,14.645201037613488,11.756355382619976,0.6561608300907912,2.2326848249027234,0.765,0.717,1.483,6.44,2.248,3.937,0.08,0.397,-0.016,75.0,215.0,26.87,0,47.53,47.45,0.609
Joel Edmundson,D,CAN,269.0,328,0.8201,18.91542750929368,16.454708798017347,0.07211895910780668,2.3885997521685254,0.13,0.601,0.731,3.655,5.106,4.587,0.047,0.476,0.03,77.0,220.0,26.09,4,50.09,49.86,0.192
Joel Eriksson Ek,C,SWE,271.0,328,0.8262,19.5539975399754,14.060824108241084,3.509532595325953,1.9836408364083638,0.974,1.347,2.321,9.602,2.038,5.39,0.793,0.583,0.173,75.0,207.0,25.87,0,51.76,53.54,0.822
Joel Farabee,LW,USA,327.0,328,0.997,16.24164118246687,13.685321100917433,1.6841997961264017,0.8721202854230378,0.768,0.949,1.717,7.004,2.226,3.175,0.181,0.428,-0.122,72.0,186.0,25.22,8,50.19,51.24,0.784
Joel Kiviranta,F,FIN,256.0,328,0.7805,11.385026041666666,10.027539062499999,0.039648437499999974,1.3178385416666665,0.618,0.412,1.029,5.497,2.141,7.658,0.0,0.312,0.047,71.0,185.0,25.8,0,52.37,54.96,0.709
John Carlson,D,USA,272.0,328,0.8293,24.110232843137254,18.449448529411764,3.171262254901961,2.4895220588235296,0.348,1.409,1.757,5.672,4.739,1.702,0.558,0.39,0.044,75.0,220.0,27.5,0,51.57,52.11,0.252
John Marino,D,USA,254.0,328,0.7744,20.754068241469813,18.166797900262466,0.1646981627296588,2.4225721784776906,0.148,0.911,1.059,2.367,3.232,1.366,0.0,0.311,0.232,73.0,200.0,26.38,1,53.18,52.32,0.138
John Tavares,C,CAN,317.0,328,0.9665,17.951524710830707,14.929915878023133,3.01335436382755,0.008254468980020998,1.413,1.645,3.058,9.995,1.497,4.344,1.054,0.435,-0.073,73.0,217.0,28.63,0,48.71,51.03,0.984
Johnathan Kovacevic,D,CAN,254.0,328,0.7744,18.00183727034121,15.811417322834645,0.04015748031496059,2.150262467191601,0.131,0.564,0.695,3.202,4.028,4.291,0.0,0.752,0.094,77.0,223.0,26.44,9,50.15,50.06,0.161
Jonas Brodin,D,SWE,234.0,328,0.7134,22.307834757834755,19.541310541310537,0.337037037037037,2.4294871794871793,0.207,0.701,0.908,4.069,5.77,1.241,0.023,0.342,0.274,74.0,196.0,25.16,0,49.74,52.82,0.159
Jonas Siegenthaler,D,CHE,274.0,328,0.8354,19.650182481751823,17.63947688564477,0.056265206812652055,1.9544403892944038,0.078,0.535,0.613,2.886,5.293,3.956,0.011,0.569,0.073,74.0,218.0,27.99,2,51.07,50.8,0.142
Jonathan Aspirot,D,CAN,61.0,82,0.7439,16.71666666666667,15.6,0.0166666666666666,1.1,0.177,0.588,0.765,2.765,4.884,5.06,0.059,0.705,0.492,72.0,212.0,28.75,3,48.42,50.36,0.16
Jonathan Drouin,LW,CAN,244.0,328,0.7439,17.036475409836065,14.08674863387978,2.946789617486339,0.0029371584699453435,0.52,1.588,2.107,4.879,1.443,1.472,0.664,0.291,-0.029,71.0,189.0,26.36,1,54.41,51.01,0.587
Jonathan Huberdeau,LW,CAN,291.0,328,0.8872,17.95561282932417,14.56248568155785,2.8261168384879727,0.5670103092783505,0.746,1.481,2.228,5.799,1.814,2.354,0.735,0.55,-0.168,73.0,200.0,26.38,2,52.51,50.43,0.619
Jonathan Marchessault,C,CAN,298.0,328,0.9085,17.45089485458613,14.48847874720358,2.96241610738255,0.0,1.188,1.269,2.458,9.669,0.854,3.865,0.738,0.43,-0.158,69.0,185.0,27.32,2,47.94,47.93,0.71
Jordan Eberle,RW,CAN,282.0,328,0.8598,17.31548463356974,14.7322695035461,2.564420803782506,0.018794326241134734,0.885,1.425,2.31,7.115,1.425,1.745,0.59,0.33,0.032,71.0,180.0,25.1,1,50.05,50.28,0.708
Jordan Kyrou,C,CAN,315.0,328,0.9604,17.413174603174603,14.828624338624337,2.5803703703703706,0.004179894179894164,1.335,1.466,2.8,10.228,1.433,1.138,0.82,0.229,-0.102,73.0,189.0,24.93,0,51.72,53.12,0.774
Jordan Martinook,LW,CAN,320.0,328,0.9756,15.081354166666666,13.090520833333333,0.06734374999999998,1.9234895833333332,0.671,0.957,1.629,6.602,2.101,4.202,0.0,0.469,0.088,73.0,208.0,27.44,2,60.57,57.24,0.841
Jordan Staal,C,CAN,311.0,328,0.9482,15.793408360128618,13.255573419078242,0.3084137191854233,2.229421221864952,0.733,0.928,1.661,5.631,2.089,7.342,0.061,0.389,0.042,76.0,220.0,26.78,2,60.93,57.95,0.824
Josh Anderson,RW,CAN,300.0,328,0.9146,15.128666666666668,12.931666666666667,0.8886666666666666,1.3083333333333333,0.78,0.568,1.348,6.65,2.261,8.104,0.079,1.087,-0.107,75.0,226.0,28.24,12,45.21,45.54,0.839
Josh Manson,D,CAN,230.0,328,0.7012,17.801304347826086,15.872608695652174,0.0371014492753623,1.8915942028985504,0.234,0.953,1.187,5.232,4.514,8.119,0.015,1.078,0.261,75.0,218.0,27.25,12,55.59,53.9,0.245
Josh Morrissey,D,CAN,316.0,328,0.9634,24.35532700421941,20.651160337552742,3.236023206751055,0.46814345991561185,0.421,1.622,2.043,5.348,3.532,2.058,0.663,0.434,0.187,72.0,195.0,26.44,1,51.37,53.39,0.221
Juraj Slafkovsky,LW,SVK,282.0,328,0.8598,17.12996453900709,14.271513002364067,2.8536052009456268,0.004846335697399507,0.894,1.391,2.285,6.297,2.919,6.26,0.671,0.656,-0.067,75.0,225.0,28.12,4,47.79,49.12,0.701
Justin Faulk,D,USA,298.0,328,0.9085,22.46711409395973,18.873489932885906,2.046085011185682,1.5475391498881432,0.296,1.066,1.362,5.377,4.337,3.11,0.341,0.487,-0.077,72.0,208.0,28.21,1,46.52,46.56,0.189
K'Andre Miller,D,USA,305.0,328,0.9299,21.92639344262295,19.318743169398907,0.6521857923497267,1.955464480874317,0.287,0.942,1.229,3.966,3.687,4.647,0.081,0.57,0.079,77.0,210.0,24.9,1,53.01,51.66,0.186
Kaapo Kakko,RW,FIN,287.0,328,0.875,14.700522648083624,13.331939605110337,1.244773519163763,0.1238095238095238,0.825,1.209,2.034,5.845,1.209,2.133,0.284,0.293,0.105,73.0,215.0,28.36,0,48.87,48.09,0.555
Kasperi Kapanen,RW,FIN,247.0,328,0.753,13.538798920377866,12.003508771929825,0.6455465587044534,0.8897435897435896,0.628,0.933,1.561,6.208,1.417,5.849,0.108,0.251,-0.121,73.0,194.0,25.59,0,47.53,46.11,0.483
Keegan Kolesar,RW,CAN,317.0,328,0.9665,11.761777076761302,11.349894847528917,0.029442691903259682,0.38243953732912717,0.547,0.789,1.336,4.683,2.639,17.106,0.0,0.71,-0.041,74.0,216.0,27.73,25,49.27,50.39,0.545
Kent Johnson,C,CAN,265.0,328,0.8079,14.683710691823897,12.569685534591194,1.9809433962264154,0.13308176100628927,0.817,1.264,2.082,6.553,1.742,0.663,0.447,0.226,-0.102,72.0,170.0,23.05,0,50.56,48.97,0.581
Kevin Bahl,D,CAN,273.0,328,0.8323,19.184981684981686,17.016300366300364,0.11147741147741147,2.057203907203907,0.115,0.538,0.653,2.623,4.078,5.018,0.023,0.729,0.004,78.0,230.0,26.58,6,48.37,47.68,0.108
Kevin Fiala,LW,CHE,288.0,328,0.878,18.25,15.104282407407405,3.125810185185185,0.019907407407407346,1.199,1.598,2.797,9.406,1.05,2.534,1.096,0.646,-0.052,72.0,205.0,27.8,0,55.71,57.1,0.801
Kevin Hayes,RW,USA,252.0,328,0.7683,14.600859788359788,12.516732804232804,1.8991402116402116,0.18498677248677245,0.783,1.076,1.859,8.235,0.978,2.903,0.457,0.202,-0.151,75.0,217.0,27.12,1,49.1,48.72,0.713
Kevin Stenlund,C,SWE,297.0,328,0.9055,13.396576879910215,10.61492704826038,0.21447811447811443,2.567171717171717,0.528,0.528,1.056,4.705,3.137,3.122,0.0,0.492,-0.074,75.0,213.0,26.62,0,48.36,45.42,0.479
Kiefer Sherwood,RW,USA,250.0,328,0.7622,14.645600000000002,12.663866666666665,1.0019999999999998,0.9797333333333333,0.967,0.934,1.901,7.866,1.59,18.649,0.262,0.624,0.0,72.0,194.0,26.31,6,52.2,49.06,0.685
Kirill Kaprizov,LW,RUS,261.0,328,0.7957,21.737611749680713,17.828160919540228,3.8906130268199237,0.018837803320561893,1.65,1.692,3.342,10.057,1.163,1.999,1.258,0.479,0.169,70.0,202.0,28.98,0,52.22,54.99,0.73
Kirill Marchenko,RW,RUS,292.0,328,0.8902,17.59280821917808,14.877853881278538,2.6605022831050227,0.05445205479452053,1.191,1.238,2.429,8.748,1.822,2.394,0.736,0.281,0.027,75.0,201.0,25.12,0,51.09,49.43,0.672
Kris Letang,D,CAN,294.0,328,0.8963,23.649433106575962,19.73095238095238,2.20374149659864,1.7147392290249432,0.293,1.053,1.346,5.117,3.771,4.436,0.414,0.619,-0.065,72.0,199.0,26.99,0,49.69,48.81,0.193
Kyle Connor,LW,USA,311.0,328,0.9482,20.556913183279743,16.721114683815646,3.2278670953912107,0.6079314040728832,1.361,1.736,3.097,9.713,1.014,1.07,0.892,0.215,-0.006,73.0,183.0,24.14,1,48.27,48.55,0.818
Kyle Palmieri,RW,USA,244.0,328,0.7439,17.770286885245902,14.386680327868854,2.6063524590163936,0.7772540983606558,1.052,1.066,2.117,8.026,1.605,3.293,0.54,0.32,-0.09,72.0,192.0,26.04,0,48.22,50.35,0.799
Lars Eller,C,DNK,314.0,328,0.9573,13.963694267515923,11.902229299363057,0.6005307855626327,1.4609341825902336,0.547,0.698,1.245,6.363,2.285,3.489,0.082,0.401,0.006,74.0,207.0,26.57,0,50.6,50.23,0.601
Lawson Crouse,LW,CAN,320.0,328,0.9756,16.18927083333333,12.901822916666665,1.3327604166666667,1.9546875,0.961,0.764,1.726,6.822,2.467,8.964,0.232,0.488,0.019,76.0,214.0,26.05,8,51.58,51.9,0.91
Leo Carlsson,C,SWE,201.0,246,0.8171,17.732835820895524,14.472802653399668,2.736152570480929,0.5238805970149254,1.027,1.347,2.374,7.003,1.515,1.111,0.572,0.313,-0.005,75.0,208.0,26.0,1,51.42,50.52,0.71
Leon Draisaitl,C,DEU,297.0,328,0.9055,21.34203142536476,17.359259259259257,3.556341189674524,0.4264309764309764,1.704,2.433,4.137,8.425,1.022,1.713,1.666,0.539,0.263,74.0,209.0,26.83,0,56.01,58.02,0.618
Logan Cooley,C,USA,211.0,246,0.8577,16.90608214849921,13.952448657187993,2.2701421800947865,0.6834913112164297,1.161,1.396,2.557,6.913,1.447,2.809,0.723,0.436,-0.043,72.0,191.0,25.9,0,49.43,49.28,0.704
Logan O'Connor,RW,USA,232.0,328,0.7073,14.184770114942529,12.182399425287358,0.04949712643678159,1.9528735632183911,0.583,0.766,1.349,5.306,2.571,4.649,0.0,0.435,0.082,72.0,175.0,23.73,5,54.14,54.99,0.664
Logan Stankoven,C,CAN,183.0,246,0.7439,15.17431693989071,13.540163934426229,1.6193989071038253,0.014754098360655723,0.886,1.188,2.074,8.88,1.426,2.55,0.411,0.257,0.115,68.0,165.0,25.09,1,57.94,56.48,0.98
Lucas Raymond,LW,SWE,318.0,328,0.9695,18.17044025157233,14.897903563941302,2.9992662473794547,0.2732704402515723,1.038,1.796,2.835,6.874,1.142,2.046,1.028,0.296,-0.135,71.0,186.0,25.94,0,50.57,49.19,0.655
Luke Evangelista,RW,CAN,253.0,328,0.7713,15.012911725955204,13.00072463768116,2.012187088274045,0.0,0.711,1.532,2.243,8.467,0.995,1.39,0.537,0.292,0.024,72.0,183.0,24.82,0,55.71,54.81,0.728
Luke Glendening,C,USA,298.0,328,0.9085,11.231991051454141,9.21549217002237,0.023881431767337778,1.9926174496644293,0.341,0.251,0.592,3.997,4.015,7.834,0.0,0.359,-0.091,71.0,190.0,26.5,3,42.08,39.98,0.508
Luke Kunin,C,USA,245.0,328,0.747,13.824149659863947,11.549795918367346,0.6716326530612244,1.602721088435374,0.549,0.496,1.045,5.616,3.738,9.531,0.159,0.927,-0.298,72.0,197.0,26.72,16,41.62,40.59,0.741
Luke Schenn,D,CAN,259.0,328,0.7896,15.410102960102963,13.885456885456884,0.022458172458172422,1.502187902187902,0.105,0.541,0.646,4.119,5.036,14.567,0.0,0.83,-0.027,74.0,225.0,28.89,22,48.8,48.39,0.168
MacKenzie Weegar,D,CAN,323.0,328,0.9848,22.63962848297214,18.86295149638803,1.912177502579979,1.8644994840041276,0.295,1.001,1.296,5.793,5.612,6.318,0.369,0.666,0.006,72.0,206.0,27.94,5,53.52,49.37,0.201
Macklin Celebrini,F,CAN,152.0,164,0.9268,20.592543859649123,16.989473684210523,3.4274122807017546,0.17565789473684204,1.342,2.07,3.412,10.025,2.032,1.725,1.054,0.474,-0.151,72.0,190.0,25.77,0,48.82,47.93,0.767
Marco Rossi,C,AUT,233.0,328,0.7104,17.05221745350501,14.709871244635195,2.1816881258941345,0.16065808297567952,0.861,1.193,2.054,5.769,1.767,2.265,0.544,0.391,-0.146,69.0,182.0,26.87,1,49.83,51.13,0.703
Marcus Foligno,LW,CAN,253.0,328,0.7713,14.226284584980236,12.216534914361002,0.5495388669301713,1.4602108036890649,0.65,0.767,1.417,4.918,2.934,14.153,0.083,1.178,-0.004,75.0,226.0,28.24,29,51.32,53.88,0.689
Marcus Johansson,C,SWE,305.0,328,0.9299,16.023060109289617,13.740327868852459,1.81775956284153,0.4649726775956284,0.688,1.265,1.952,5.844,1.191,1.878,0.479,0.177,-0.003,73.0,203.0,26.78,0,49.66,51.36,0.489
Marcus Pettersson,D,SWE,310.0,328,0.9451,21.61494623655914,19.021505376344088,0.1626881720430107,2.430752688172043,0.107,0.797,0.904,3.027,5.104,3.698,0.0,0.668,0.061,77.0,174.0,20.63,7,49.15,50.47,0.123
Mario Ferraro,D,CAN,310.0,328,0.9451,21.693548387096776,18.412365591397847,0.2577419354838709,3.0234408602150538,0.17,0.473,0.642,3.239,5.487,4.818,0.009,0.477,-0.306,71.0,200.0,27.89,4,45.76,45.31,0.177
Mark Kastelic,C,USA,271.0,328,0.8262,10.133886838868387,9.211377613776138,0.12650676506765063,0.7960024600246003,0.634,0.612,1.245,6.554,3.736,15.577,0.022,1.517,-0.033,76.0,234.0,28.48,36,46.57,45.29,0.755
Mark Scheifele,C,CAN,319.0,328,0.9726,20.637460815047024,17.309770114942527,3.1831765935214205,0.1445141065830721,1.294,1.713,3.008,6.516,1.686,1.987,0.793,0.639,0.047,75.0,207.0,25.87,6,48.46,48.72,0.682
Martin FehÃ©rvÃ¡ry,D,,295.0,328,0.8994,19.417853107344634,17.030677966101695,0.04090395480225984,2.346271186440678,0.199,0.681,0.88,3.153,5.897,6.85,0.0,0.403,0.051,,,,0,,,
Martin NeÄas,C,,316.0,328,0.9634,19.046993670886074,15.678270042194091,3.210970464135021,0.15775316455696203,1.166,1.894,3.06,8.683,1.007,2.801,0.997,0.38,0.152,,,,0,,,
Mason Appleton,C,USA,259.0,328,0.7896,15.0515444015444,13.578378378378378,0.12889317889317886,1.3442728442728444,0.539,0.816,1.354,5.587,1.739,4.91,0.062,0.386,0.081,74.0,196.0,25.16,0,49.22,50.23,0.502
Mason Lohrei,D,USA,191.0,246,0.7764,17.9520942408377,16.192670157068065,1.4667539267015706,0.29267015706806276,0.28,0.98,1.26,3.64,4.515,1.522,0.42,0.283,-0.147,77.0,218.0,25.85,0,47.17,46.26,0.193
Mason Marchment,F,CAN,279.0,328,0.8506,15.819354838709678,14.031959378733571,1.778494623655914,0.008900836320191124,1.02,1.373,2.393,7.49,1.659,4.88,0.449,0.871,0.172,77.0,212.0,25.14,5,50.65,51.99,0.775
Mason McTavish,C,CAN,295.0,328,0.8994,15.918983050847459,13.53768361581921,2.3438418079096044,0.037457627118644046,0.958,1.316,2.274,7.883,1.712,3.667,0.575,0.712,-0.193,73.0,219.0,28.89,0,47.99,48.33,0.859
Mathew Barzal,C,CAN,249.0,328,0.7591,19.976974564926376,16.689625167336008,3.274564926372155,0.012784471218206106,0.748,1.942,2.69,7.732,1.93,1.592,0.82,0.486,0.084,73.0,186.0,24.54,1,52.84,53.56,0.631
Mathieu Joseph,RW,CAN,239.0,328,0.7287,13.763877266387727,11.883193863319384,0.37336122733612276,1.5073221757322175,0.365,1.058,1.423,5.381,2.681,7.679,0.055,0.519,-0.05,73.0,189.0,24.93,2,48.91,49.21,0.624
Mathieu Olivier,F,USA,263.0,328,0.8018,13.022179974651456,12.211343472750317,0.08346007604562734,0.7273764258555132,0.753,0.736,1.489,5.851,3.784,14.996,0.0,1.487,-0.057,73.0,232.0,30.61,43,46.91,50.21,0.723
Matias Maccelli,LW,FIN,272.0,328,0.8293,15.139399509803923,13.300551470588236,1.7531862745098037,0.08566176470588235,0.729,1.646,2.375,5.624,0.976,1.151,0.525,0.184,-0.147,71.0,187.0,26.08,0,49.66,50.56,0.618
Mats Zuccarello,LW,NOR,275.0,328,0.8384,19.369939393939394,15.65309090909091,3.680727272727273,0.03612121212121209,0.766,1.915,2.681,7.254,1.971,1.408,1.115,0.356,-0.047,68.0,181.0,27.52,0,49.19,51.45,0.557
Matt Boldy,LW,USA,314.0,328,0.9573,19.536146496815288,15.296390658174097,3.674256900212314,0.5654989384288748,1.262,1.575,2.836,9.849,1.809,2.054,0.998,0.535,0.08,74.0,201.0,25.8,2,52.15,54.21,0.862
Matt Duchene,C,CAN,290.0,328,0.8841,17.176666666666666,14.657241379310346,2.454597701149425,0.06482758620689652,1.12,1.867,2.987,6.998,1.494,1.385,0.843,0.248,0.1,71.0,211.0,29.43,0,48.67,50.42,0.683
Matt Grzelcyk,D,USA,289.0,328,0.8811,18.18817762399077,16.771395617070358,0.9268742791234141,0.4899077277970011,0.08,0.936,1.016,3.687,3.527,1.998,0.205,0.391,0.152,70.0,180.0,25.82,1,47.63,46.67,0.114
Matt Roy,D,USA,311.0,328,0.9482,20.011093247588427,17.588906752411578,0.1121114683815648,2.310075026795284,0.183,0.723,0.906,4.319,5.871,4.83,0.01,0.325,0.209,74.0,220.0,28.24,1,50.87,51.96,0.208
Matthew Knies,LW,USA,240.0,328,0.7317,16.898194444444446,14.121736111111112,1.8756944444444446,0.9007638888888889,0.991,1.376,2.367,6.081,1.553,7.471,0.488,0.496,-0.054,75.0,232.0,28.99,3,47.27,49.53,0.786
Matthew Schaefer,D,CAN,82.0,82,1.0,24.65,20.266666666666666,3.2999999999999994,1.0833333333333333,0.683,1.069,1.751,6.59,3.295,1.187,0.534,0.463,0.159,74.0,186.0,23.88,0,50.03,50.92,0.308
Matthew Tkachuk,LW,USA,242.0,328,0.7378,19.066597796143252,14.857231404958679,3.9427685950413216,0.2665977961432507,1.313,2.432,3.745,11.001,1.014,4.317,1.352,1.293,0.161,74.0,202.0,25.93,9,57.59,56.49,0.821
Mattias Ekholm,D,SWE,304.0,328,0.9268,21.261184210526313,18.286567982456138,0.8917763157894738,2.0828399122807015,0.325,1.077,1.402,5.44,3.871,3.101,0.158,0.444,0.378,77.0,225.0,26.68,1,58.5,59.65,0.294
Mattias Janmark,C,SWE,260.0,328,0.7927,13.003910256410258,11.246153846153847,0.03083333333333329,1.726923076923077,0.302,0.816,1.118,3.922,1.65,2.307,0.0,0.462,-0.019,74.0,205.0,26.32,2,48.28,49.53,0.537
Mattias Samuelsson,D,USA,236.0,328,0.7195,21.319420903954803,18.466313559322035,0.03785310734463275,2.8152542372881353,0.239,0.62,0.859,3.351,5.068,5.366,0.012,0.407,0.263,76.0,229.0,27.87,0,48.11,48.88,0.153
Matty Beniers,C,USA,321.0,328,0.9787,18.245015576323986,15.370560747663554,2.479750778816199,0.3947040498442368,0.809,1.106,1.916,5.911,2.438,2.09,0.441,0.184,-0.016,74.0,181.0,23.24,1,49.01,48.37,0.572
Matvei Michkov,RW,RUS,161.0,164,0.9817,15.73592132505176,13.246273291925466,2.481366459627329,0.008281573498964771,1.089,1.61,2.7,8.597,0.995,1.468,0.687,0.727,-0.112,70.0,172.0,24.68,1,49.03,52.95,0.744
Max Domi,LW,CAN,314.0,328,0.9573,15.14787685774947,13.43407643312102,1.7095541401273884,0.004246284501061555,0.618,1.552,2.17,6.648,1.4,1.816,0.454,1.182,-0.092,70.0,208.0,29.84,18,47.35,47.26,0.447
Maxim Tsyplakov,F,,126.0,164,0.7683,12.68148148148148,11.70925925925926,0.9722222222222222,0.0,0.451,1.014,1.464,5.933,1.802,8.374,0.113,0.357,-0.103,,,,0,51.18,52.01,0.757
Michael Amadio,C,CAN,293.0,328,0.8933,14.027531285551763,13.10364050056883,0.487485779294653,0.43640500568828205,0.818,0.876,1.693,5.796,2.277,4.628,0.117,0.218,0.106,73.0,206.0,27.18,0,49.57,52.96,0.669
Michael Anderson,D,,308.0,328,0.939,21.366017316017317,18.78668831168831,0.06715367965367959,2.5121753246753245,0.155,0.593,0.748,2.954,4.696,4.741,0.009,0.351,0.218,,,,0,,,
Michael Bunting,LW,CAN,313.0,328,0.9543,15.361235356762514,13.240788072417466,2.120447284345048,0.0,0.936,1.248,2.184,7.774,1.036,3.107,0.724,0.792,-0.131,72.0,186.0,25.22,2,53.65,51.43,0.829
Michael Eyssimont,C,USA,268.0,328,0.8171,11.351243781094528,10.93215174129353,0.40205223880597013,0.01703980099502487,0.651,0.809,1.46,10.335,1.854,8.008,0.158,0.974,0.03,72.0,195.0,26.44,13,51.97,50.56,0.859
Michael McCarron,RW,USA,255.0,328,0.7774,13.14235294117647,11.182875816993464,0.045490196078431334,1.9139869281045752,0.483,0.537,1.02,5.765,3.813,10.223,0.0,1.251,-0.141,78.0,232.0,26.81,27,47.89,48.9,0.77
Michael Rasmussen,C,CAN,272.0,328,0.8293,14.041237745098039,12.166176470588235,0.49724264705882365,1.3778186274509803,0.628,0.895,1.524,5.546,3.865,7.038,0.079,0.449,-0.044,78.0,222.0,25.65,4,44.95,47.32,0.73
Mika Zibanejad,C,SWE,326.0,328,0.9939,19.81370143149284,14.605828220858896,3.270245398773006,1.9376278118609407,1.105,1.709,2.815,8.081,1.849,2.499,1.152,0.264,-0.006,74.0,208.0,26.7,0,49.39,50.04,0.614
Mikael Backlund,C,SWE,322.0,328,0.9817,18.49565217391304,14.531159420289857,1.634782608695652,2.329710144927536,0.665,1.048,1.713,8.362,1.441,2.327,0.242,0.335,0.096,72.0,206.0,27.94,0,52.35,50.31,0.721
Mikael Granlund,C,FIN,289.0,328,0.8811,19.288119953863895,14.77658592848904,2.8819492502883506,1.629584775086505,0.678,1.561,2.239,5.823,2.325,2.465,0.71,0.339,-0.163,70.0,193.0,27.69,0,45.21,44.96,0.565
Mike Matheson,D,CAN,288.0,328,0.878,24.836574074074072,19.399305555555557,2.1837962962962956,3.2534722222222223,0.268,1.107,1.376,4.832,4.899,1.954,0.403,0.611,-0.049,74.0,196.0,25.16,2,45.42,45.04,0.185
Mikhail Sergachev,D,RUS,268.0,328,0.8171,24.143781094527363,18.651243781094525,2.8300995024875624,2.6624378109452733,0.343,1.465,1.808,4.636,4.479,2.439,0.77,0.541,-0.034,75.0,212.0,26.5,1,52.56,51.04,0.181
Mikko Rantanen,RW,FIN,308.0,328,0.939,21.68971861471861,17.537987012987013,4.129761904761905,0.02196969696969693,1.356,2.003,3.359,8.335,1.473,2.03,1.23,0.925,0.153,76.0,228.0,27.75,3,52.15,52.78,0.768
Miles Wood,LW,USA,241.0,328,0.7348,12.395781466113416,11.339488243430152,0.423582295988935,0.6327109266943293,0.683,0.823,1.506,9.339,1.767,6.387,0.06,0.934,-0.079,74.0,209.0,26.83,6,49.01,48.65,1.021
Miro Heiskanen,D,FIN,277.0,328,0.8445,25.16311672683514,20.175270758122743,3.374308062575211,1.6135379061371842,0.293,1.558,1.851,5.371,3.529,1.222,0.775,0.39,0.13,74.0,197.0,25.29,0,53.63,56.12,0.23
Mitch Marner,RW,CAN,311.0,328,0.9482,20.90771704180064,15.659003215434083,3.3296891747052517,1.9190246516613079,0.987,2.39,3.377,6.385,1.679,1.707,1.107,0.27,0.238,72.0,180.0,24.41,0,52.62,53.88,0.604
Morgan Barron,C,CAN,289.0,328,0.8811,11.62831603229527,10.084140715109573,0.053517877739330984,1.4906574394463667,0.678,0.696,1.375,6.981,2.982,8.82,0.036,0.349,0.093,76.0,220.0,26.78,3,49.66,49.6,0.721
Morgan Frost,C,CAN,315.0,328,0.9604,15.83328042328042,13.289259259259259,2.4844973544973543,0.05952380952380949,0.818,1.191,2.009,6.905,2.49,3.248,0.565,0.305,-0.13,72.0,193.0,26.17,0,50.21,51.52,0.652
Morgan Geekie,C,CAN,303.0,328,0.9238,15.176182618261828,13.255225522552255,1.7299779977997798,0.19097909790979095,1.279,1.227,2.505,7.072,1.905,5.35,0.6,0.317,0.059,75.0,212.0,26.5,2,48.77,49.67,0.718
Morgan Rielly,D,CAN,297.0,328,0.9055,21.93597081930415,18.94371492704826,2.4044332210998878,0.5878226711560044,0.267,1.354,1.621,5.213,4.301,2.063,0.525,0.33,-0.094,73.0,219.0,28.89,4,48.81,49.64,0.199
Moritz Seider,D,DEU,328.0,328,1.0,24.037499999999998,19.008333333333333,2.8666666666666667,2.1624999999999996,0.244,1.202,1.446,4.749,5.814,5.768,0.639,0.573,-0.024,74.0,210.0,26.96,2,49.61,49.44,0.168
Nate Schmidt,D,USA,296.0,328,0.9024,17.905405405405407,15.536092342342343,1.2096283783783783,1.1596846846846847,0.215,0.623,0.838,3.758,3.702,3.068,0.147,0.257,0.203,72.0,197.0,26.72,2,55.07,56.47,0.165
Nathan MacKinnon,C,CAN,312.0,328,0.9512,22.52767094017094,18.29396367521368,4.176602564102564,0.05710470085470085,1.519,2.698,4.217,12.301,1.724,1.793,1.28,0.487,0.468,72.0,200.0,27.12,2,57.69,57.45,0.883
Nazem Kadri,C,CAN,323.0,328,0.9848,18.479308565531475,15.35701754385965,3.0257481940144477,0.0965428276573787,1.045,1.448,2.493,10.414,1.156,2.624,0.824,0.622,-0.204,72.0,185.0,25.09,3,52.65,50.64,0.811
Neal Pionk,D,USA,284.0,328,0.8659,21.76026995305164,18.25463615023474,1.6894953051643193,1.816138497652582,0.272,0.864,1.136,4.932,4.107,5.971,0.243,0.662,0.067,72.0,190.0,25.77,4,49.75,48.28,0.156
Nic Dowd,C,USA,286.0,328,0.872,14.579545454545455,12.183333333333334,0.037645687645687625,2.3585664335664336,0.633,0.734,1.367,3.957,3.813,7.511,0.0,0.706,0.024,74.0,195.0,25.03,2,46.63,47.65,0.579
Nick Bjugstad,C,USA,281.0,328,0.8567,14.45747330960854,12.369395017793593,0.7702253855278767,1.3178529062870699,0.783,0.724,1.506,7.414,2.274,7.355,0.118,0.505,0.039,78.0,210.0,24.27,2,48.89,48.89,0.747
Nick Cousins,C,CAN,279.0,328,0.8506,11.567084826762246,11.394982078853046,0.1632616487455197,0.008841099163679774,0.576,0.911,1.487,6.693,2.528,8.757,0.0,0.842,0.025,71.0,191.0,26.64,7,53.07,51.85,0.714
Nick Foligno,LW,USA,266.0,328,0.811,14.945864661654134,12.276190476190477,1.3763157894736842,1.293358395989975,0.694,1.011,1.705,5.584,2.037,10.066,0.407,0.729,-0.098,72.0,210.0,28.48,14,45.61,46.06,0.625
Nick Jensen,D,USA,287.0,328,0.875,19.45551684088269,17.286120789779325,0.09053426248548199,2.078861788617886,0.14,0.731,0.87,3.148,4.427,2.815,0.0,0.195,0.021,72.0,202.0,27.39,0,47.93,47.6,0.14
Nick Paul,LW,CAN,289.0,328,0.8811,16.077104959630912,13.573644752018456,1.69838523644752,0.8050749711649365,0.904,0.826,1.73,6.224,1.821,4.597,0.336,0.422,-0.024,76.0,234.0,28.48,4,50.1,49.06,0.71
Nick Schmaltz,C,USA,306.0,328,0.9329,19.259640522875813,15.343572984749455,3.1651960784313724,0.7508714596949891,0.988,1.619,2.606,6.953,1.69,0.662,0.794,0.235,-0.033,72.0,184.0,24.95,0,53.72,52.34,0.618
Nick Seeler,D,USA,305.0,328,0.9299,16.58710382513661,14.924699453551911,0.03655737704918028,1.6258469945355194,0.142,0.534,0.676,4.27,8.48,6.037,0.0,0.682,0.069,75.0,197.0,24.62,12,48.06,52.49,0.175
Nick Suzuki,C,CAN,328.0,328,1.0,20.791666666666664,16.32916666666667,3.479166666666666,0.9833333333333333,1.038,1.892,2.93,6.176,2.076,2.147,1.038,0.32,0.088,71.0,207.0,28.87,1,51.3,50.16,0.572
Nicklaus Perbix,D,,299.0,328,0.9116,16.613043478260874,15.564269788182834,0.06806020066889629,0.9807134894091416,0.193,0.725,0.918,3.793,4.119,2.826,0.0,0.241,0.043,,,,0,,,
Nico Hischier,C,CHE,309.0,328,0.9421,19.94768069039914,15.04881337648328,3.0634843581445526,1.8353829557713053,1.178,1.567,2.745,8.138,2.19,1.752,0.857,0.23,0.1,73.0,200.0,26.38,1,54.11,55.04,0.85
Nico Sturm,C,DEU,248.0,328,0.7561,12.860618279569893,10.858602150537635,0.27372311827956985,1.728293010752688,0.583,0.621,1.204,5.361,2.577,6.34,0.0,0.286,-0.177,75.0,209.0,26.12,3,45.36,45.27,0.636
Nicolas Hague,D,CAN,284.0,328,0.8659,18.257335680751176,16.90111502347418,0.041373239436619684,1.3148474178403757,0.15,0.498,0.648,3.911,4.305,4.953,0.0,0.637,-0.035,78.0,245.0,28.31,13,48.04,49.38,0.16
Nicolas Roy,C,CAN,280.0,328,0.8537,15.299166666666666,12.749940476190478,1.3428571428571427,1.2063690476190476,0.7,1.078,1.779,5.547,2.283,4.244,0.266,0.425,0.05,76.0,200.0,24.34,4,49.52,49.6,0.704
Nikita Kucherov,RW,RUS,317.0,328,0.9665,20.814773922187168,16.79143007360673,4.019348054679285,0.0039957939011566615,1.409,3.21,4.619,9.757,1.137,1.5,1.691,0.483,0.224,72.0,173.0,23.46,2,53.99,54.4,0.785
Nikita Zadorov,D,RUS,319.0,328,0.9726,19.409561128526647,17.14012539184953,0.13380355276906994,2.135632183908046,0.252,0.572,0.824,4.186,3.411,7.423,0.01,1.574,0.166,79.0,255.0,28.72,22,48.91,48.0,0.147
Niko Mikkola,D,FIN,307.0,328,0.936,19.429370249728553,17.26655808903366,0.0764386536373507,2.086373507057546,0.131,0.433,0.563,3.41,4.014,6.056,0.0,0.795,0.091,78.0,204.0,23.57,5,53.73,52.42,0.186
Nikolaj Ehlers,LW,DNK,278.0,328,0.8476,16.00707434052758,13.40581534772182,2.5971223021582728,0.004136690647481998,1.173,1.969,3.142,10.059,1.429,1.685,0.944,0.255,0.169,72.0,168.0,22.78,3,56.13,55.71,0.72
Nino Niederreiter,RW,CHE,298.0,328,0.9085,15.01258389261745,13.212360178970917,1.8002237136465324,0.0,0.899,0.858,1.757,7.846,1.797,6.733,0.362,0.329,0.027,74.0,218.0,27.99,0,51.33,53.43,0.943
Noah Cates,LW,USA,301.0,328,0.9177,16.059136212624587,12.950941306755261,1.4499446290143962,1.658250276854928,0.658,1.08,1.738,5.3,2.545,4.059,0.248,0.233,0.08,74.0,194.0,24.91,2,50.26,53.96,0.737
Noah Dobson,D,CAN,308.0,328,0.939,22.636958874458873,18.873106060606062,2.6825757575757576,1.0812770562770562,0.387,1.377,1.764,6.317,5.146,2.263,0.534,0.383,0.016,76.0,200.0,24.34,0,49.71,49.81,0.213
Noah Hanifin,D,USA,312.0,328,0.9512,22.583974358974363,19.24551282051282,1.518162393162393,1.820299145299145,0.281,1.013,1.294,5.279,4.019,1.856,0.324,0.272,0.093,75.0,206.0,25.75,1,52.6,54.29,0.205
Noah Laba,C,USA,74.0,82,0.9024,13.433333333333332,11.733333333333333,0.5333333333333333,1.1666666666666667,0.543,0.905,1.449,4.406,2.595,6.639,0.302,0.419,0.027,75.0,214.0,26.75,1,45.94,45.57,0.571
Noel Acciari,C,USA,278.0,328,0.8476,13.715347721822543,11.432553956834532,0.07224220623501194,2.2105515587529974,0.567,0.488,1.054,5.177,5.161,9.646,0.0,0.259,-0.079,71.0,204.0,28.45,2,44.72,46.29,0.731
Oliver Bjorkstrand,RW,DNK,322.0,328,0.9817,15.137060041407867,12.617132505175984,2.519927536231884,0.0,0.899,1.342,2.24,8.223,1.625,3.558,0.751,0.193,-0.102,72.0,175.0,23.73,2,51.88,50.98,0.629
Oliver Ekman-Larsson,D,SWE,289.0,328,0.8811,20.01309111880046,17.356459054209918,1.7014994232987313,0.955132641291811,0.239,1.027,1.266,4.554,2.78,3.703,0.29,0.761,-0.021,74.0,190.0,24.39,0,50.19,49.94,0.182
Olli MÃ¤Ã¤ttÃ¤,D,FIN,270.0,328,0.8232,17.97574074074074,16.58351851851852,0.04290123456790122,1.3493209876543208,0.173,0.742,0.915,2.683,5.069,1.966,0.0,0.178,0.022,74.0,207.0,26.57,0,47.73,50.92,0.156
OndÅej PalÃ¡t,LW,,277.0,328,0.8445,14.254211793020456,12.876413959085442,1.0598074608904933,0.31799037304452465,0.593,0.881,1.474,5.562,3.313,6.367,0.213,0.249,-0.072,,,,0,,,
Oskar Back,C,SWE,145.0,164,0.8841,12.014367816091953,10.100459770114941,0.02505747126436777,1.8888505747126436,0.31,0.654,0.964,2.962,2.48,1.963,0.0,0.124,0.076,76.0,207.0,25.19,0,,,
Oskar Sundqvist,C,SWE,257.0,328,0.7835,13.31141374837873,10.878599221789882,1.3132944228274968,1.1195201037613487,0.474,1.035,1.508,4.104,2.736,5.121,0.368,0.459,-0.132,75.0,210.0,26.25,0,41.79,42.41,0.427
Owen Power,D,CAN,315.0,328,0.9604,22.38216931216931,19.304074074074077,1.5122222222222224,1.5658730158730159,0.213,0.953,1.166,4.23,3.447,1.081,0.17,0.267,0.044,78.0,226.0,26.11,0,51.55,48.01,0.203
Owen Tippett,RW,CAN,313.0,328,0.9543,16.69712460063898,14.194888178913738,2.2836528221512244,0.21858359957401488,1.183,1.068,2.25,10.654,2.629,6.36,0.39,0.243,-0.128,73.0,210.0,27.7,0,50.39,52.99,0.848
Parker Kelly,F,CAN,297.0,328,0.9055,12.015544332210998,9.862008978675647,0.046801346801346774,2.106734006734007,0.639,0.639,1.278,5.851,3.733,11.45,0.0,0.424,0.0,73.0,185.0,24.41,4,53.25,52.95,0.608
Patrick Kane,RW,USA,262.0,328,0.7988,18.325381679389313,15.159923664122136,3.1654580152671756,0.0,0.975,1.775,2.749,8.973,0.987,0.837,1.062,0.229,-0.168,70.0,176.0,25.25,0,48.61,48.86,0.617
Paul Cotter,C,USA,289.0,328,0.8811,12.26660899653979,11.876124567474047,0.37226066897347165,0.01822376009227219,0.762,0.592,1.354,5.534,1.693,14.183,0.085,0.474,-0.187,74.0,213.0,27.34,3,47.05,47.61,0.654
Pavel Buchnevich,LW,RUS,300.0,328,0.9146,19.017,14.81172222222222,2.6674444444444445,1.5378333333333334,0.978,1.493,2.471,6.489,1.294,1.798,0.694,0.443,0.057,73.0,196.0,25.86,1,50.06,49.37,0.699
Pavel Mintyukov,D,RUS,204.0,246,0.8293,18.251307189542484,15.708741830065359,1.1666666666666665,1.3758986928104575,0.274,0.838,1.112,3.803,4.335,3.304,0.193,0.299,-0.132,73.0,207.0,27.31,1,46.26,46.81,0.228
Pavel Zacha,C,CZE,320.0,328,0.9756,17.49677083333333,13.619687500000001,2.486354166666667,1.3907291666666666,0.922,1.522,2.443,5.808,1.147,3.215,0.557,0.259,0.106,76.0,211.0,25.68,1,48.31,48.04,0.624
Peyton Krebs,C,CAN,317.0,328,0.9665,13.484227129337539,12.551945320715038,0.5095688748685595,0.4227129337539432,0.491,1.053,1.544,4.562,1.628,7.552,0.07,0.804,0.025,72.0,188.0,25.49,11,49.82,47.39,0.487
Philipp Kurashev,C,CHE,239.0,328,0.7287,16.75460251046025,14.185146443514647,1.9299163179916319,0.6395397489539749,0.614,1.079,1.693,5.394,1.678,2.023,0.39,0.28,-0.431,72.0,190.0,25.77,1,43.03,41.82,0.459
Phillip Danault,C,CAN,315.0,328,0.9604,17.397566137566137,14.08074074074074,1.4817989417989417,1.835026455026455,0.536,1.226,1.763,5.737,2.715,3.361,0.328,0.422,0.067,73.0,200.0,26.38,1,54.4,53.89,0.668
Pierre-Luc Dubois,LW,CAN,266.0,328,0.811,17.04329573934837,14.427130325814534,2.531641604010025,0.08452380952380947,0.9,1.588,2.488,7.081,2.104,3.375,0.675,0.91,0.071,76.0,220.0,26.78,1,51.73,53.63,0.735
Pius Suter,F,CHE,291.0,328,0.8872,15.680469644902633,12.87508591065292,1.022394043528064,1.7829896907216496,0.868,0.815,1.683,5.838,1.67,2.538,0.184,0.206,0.1,71.0,172.0,23.99,0,50.55,51.73,0.767
Quinn Hughes,D,USA,302.0,328,0.9207,25.88774834437086,21.35485651214128,3.972406181015452,0.5604856512141281,0.361,2.095,2.456,5.618,2.149,0.599,1.036,0.44,0.169,70.0,180.0,25.82,1,55.17,53.7,0.214
Quinton Byfield,C,CAN,293.0,328,0.8933,17.57195676905575,14.600739476678042,1.9970989761092148,0.9741183162684868,0.816,1.282,2.098,6.666,1.305,3.088,0.385,0.56,0.157,77.0,230.0,27.27,0,54.37,55.57,0.714
Radek Faksa,C,CZE,283.0,328,0.8628,12.797703180212014,10.854416961130744,0.11189634864546522,1.8313898704358067,0.414,0.762,1.176,4.39,3.396,6.279,0.0,0.378,0.032,75.0,216.0,27.0,1,49.9,48.53,0.556
Radko Gudas,D,CZE,275.0,328,0.8384,18.3530303030303,15.86351515151515,0.06260606060606055,2.4269090909090907,0.131,0.63,0.761,4.161,6.455,11.52,0.0,1.309,0.109,72.0,208.0,28.21,14,48.6,50.16,0.133
Rasmus Andersson,D,SWE,319.0,328,0.9726,23.75177638453501,19.117450365726228,2.31687565308255,2.3174503657262275,0.38,0.934,1.315,5.219,5.282,1.307,0.404,0.639,-0.125,73.0,202.0,26.65,2,49.97,48.39,0.235
Rasmus Dahlin,D,SWE,309.0,328,0.9421,24.91003236245955,20.612028047464943,3.2991370010787486,0.9988673139158575,0.553,1.582,2.136,6.501,3.609,3.648,0.741,0.932,0.123,75.0,204.0,25.5,2,53.65,52.34,0.287
Rasmus Sandin,D,SWE,294.0,328,0.8963,19.65017006802721,17.832142857142856,1.2166099773242631,0.6014172335600907,0.197,1.018,1.215,3.407,4.59,4.05,0.228,0.333,0.024,71.0,189.0,26.36,4,47.81,49.47,0.167
Reilly Smith,RW,CAN,302.0,328,0.9207,15.589128035320087,13.122571743929361,1.304635761589404,1.1619205298013244,0.867,1.198,2.065,7.086,1.453,2.511,0.319,0.205,0.05,73.0,185.0,24.41,0,50.76,52.07,0.738
Rickard Rakell,RW,SWE,293.0,328,0.8933,18.29613196814562,15.286234357224119,2.893856655290102,0.11604095563139932,1.142,1.265,2.406,8.697,2.384,4.925,0.694,0.205,-0.085,73.0,194.0,25.59,0,52.44,51.41,0.886
Ridly Greig,C,CAN,247.0,328,0.753,15.912955465587046,13.07982456140351,1.2230094466936572,1.6101214574898788,0.626,0.962,1.588,5.709,2.183,6.045,0.26,0.895,0.049,72.0,184.0,24.95,7,49.93,51.11,0.722
Robert Thomas,C,CAN,289.0,328,0.8811,19.855651672433677,15.626758938869665,2.8122837370242215,1.4166089965397923,0.941,2.154,3.095,5.469,1.715,0.565,0.857,0.394,0.149,72.0,207.0,28.07,0,50.39,51.85,0.614
Roman Josi,D,CHE,270.0,328,0.8232,24.87382716049383,20.454814814814814,3.475185185185185,0.9438271604938271,0.563,1.555,2.117,7.755,4.404,1.456,0.876,0.478,-0.089,73.0,201.0,26.52,1,52.98,52.37,0.321
Roope Hintz,LW,FIN,282.0,328,0.8598,17.22151300236407,13.42352245862884,2.820862884160756,0.9771276595744681,1.359,1.742,3.101,8.055,1.816,2.409,0.976,0.355,0.323,75.0,217.0,27.12,0,51.98,54.14,0.785
Ross Colton,C,USA,295.0,328,0.8994,13.169096045197742,11.858757062146891,1.253220338983051,0.05711864406779658,0.896,1.035,1.931,8.911,2.178,9.776,0.324,0.481,-0.027,72.0,194.0,26.31,4,54.99,55.66,1.029
Ryan Donato,C,USA,311.0,328,0.9482,14.140514469453379,12.665058949624866,1.355144694533762,0.12031082529474811,0.982,1.051,2.033,7.845,1.023,4.843,0.287,0.511,-0.093,72.0,190.0,25.77,5,45.55,43.78,0.685
Ryan Graves,D,CAN,231.0,328,0.7043,17.704184704184705,15.80858585858586,0.016883116883116885,1.8787157287157288,0.191,0.469,0.66,4.079,5.942,3.712,0.0,0.42,0.113,77.0,225.0,26.68,1,49.6,50.6,0.129
Ryan Hartman,RW,USA,278.0,328,0.8476,16.129556354916065,14.104256594724221,1.5611510791366907,0.4641486810551559,0.937,1.084,2.021,8.657,3.332,3.666,0.375,1.025,0.011,72.0,197.0,26.72,6,49.93,51.48,0.858
Ryan Lindgren,D,USA,287.0,328,0.875,19.034320557491288,16.550522648083625,0.021312427409988358,2.4624854819976774,0.11,0.615,0.725,2.845,4.844,3.394,0.0,0.631,0.171,72.0,194.0,26.31,3,47.79,45.41,0.136
Ryan Lomberg,LW,CAN,294.0,328,0.8963,9.667857142857141,9.398469387755103,0.06609977324263033,0.20328798185941044,0.507,0.528,1.034,6.776,1.71,12.18,0.021,0.966,-0.037,69.0,184.0,27.17,18,47.82,44.49,0.539
Ryan McDonagh,D,USA,275.0,328,0.8384,20.83321212121212,17.586181818181817,0.37696969696969695,2.870060606060606,0.157,0.932,1.089,2.995,5.572,1.498,0.052,0.295,0.32,73.0,216.0,28.49,0,50.93,54.9,0.148
Ryan McLeod,C,CAN,298.0,328,0.9085,15.808389261744969,13.013982102908278,0.8788031319910514,1.9156040268456376,0.726,1.312,2.038,4.725,1.567,1.758,0.127,0.201,0.174,75.0,204.0,25.5,0,51.85,51.3,0.526
Ryan Nugent-Hopkins,C,CAN,312.0,328,0.9512,19.34647435897436,14.204807692307694,3.45309829059829,1.6885683760683763,0.944,1.799,2.743,6.769,1.372,1.6,1.272,0.372,0.054,73.0,192.0,25.33,2,53.83,56.73,0.75
Ryan O'Reilly,C,CAN,295.0,328,0.8994,19.384745762711866,15.018813559322034,2.8075706214689267,1.558361581920904,0.923,1.448,2.371,6.148,2.277,0.85,0.734,0.271,-0.102,73.0,207.0,27.31,3,53.0,52.53,0.75
Ryan Poehling,C,USA,273.0,328,0.8323,14.083699633699633,11.783211233211233,0.2942002442002442,2.0062881562881563,0.64,1.061,1.701,5.306,4.791,2.949,0.094,0.154,-0.033,74.0,206.0,26.45,0,48.65,51.18,0.58
Ryan Pulock,D,CAN,290.0,328,0.8841,21.233908045977007,18.28264367816092,0.8118390804597702,2.139425287356322,0.175,0.75,0.926,3.956,5.642,3.781,0.136,0.2,0.083,73.0,219.0,28.89,0,46.09,47.27,0.131
Ryan Strome,C,CAN,295.0,328,0.8994,15.921920903954804,13.65090395480226,2.137062146892655,0.13395480225988696,0.562,1.277,1.839,5.812,1.226,2.133,0.345,0.915,-0.207,73.0,192.0,25.33,10,47.86,47.41,0.643
Ryan Suter,D,USA,246.0,328,0.75,19.566666666666666,17.400000000000002,0.5888888888888889,1.5777777777777777,0.087,0.623,0.711,3.191,4.176,2.568,0.05,0.317,0.085,73.0,201.0,26.52,0,49.03,49.79,0.139
Ryker Evans,D,CAN,176.0,246,0.7154,18.760511363636365,17.13191287878788,0.8157196969696969,0.8128787878787879,0.254,0.672,0.927,2.708,3.98,4.234,0.164,0.511,-0.068,72.0,195.0,26.44,0,47.51,47.93,0.115
Sam Bennett,C,CAN,284.0,328,0.8659,17.48820422535211,14.421420187793428,2.442605633802817,0.6241784037558685,1.051,1.244,2.295,9.737,1.872,7.043,0.556,1.148,-0.011,73.0,193.0,25.46,6,55.0,53.29,0.979
Sam Carrick,C,CAN,282.0,328,0.8598,11.350236406619384,9.820567375886524,0.19018912529550824,1.339479905437352,0.525,0.581,1.106,5.642,2.549,9.523,0.019,1.103,-0.074,72.0,202.0,27.39,31,46.23,47.24,0.625
Sam Dickinson,D,CAN,72.0,82,0.878,16.733333333333334,15.533333333333331,0.3,0.8999999999999999,0.05,0.647,0.697,3.586,3.486,3.685,0.0,0.306,-0.069,75.0,200.0,25.0,0,47.6,47.65,0.217
Sam Lafferty,C,USA,238.0,328,0.7256,11.751680672268908,10.7140756302521,0.32261904761904764,0.7149859943977591,0.644,0.644,1.287,5.127,1.845,9.439,0.0,0.466,-0.101,74.0,205.0,26.32,3,47.75,44.28,0.564
Sam Malinski,D,USA,181.0,246,0.7358,16.45570902394107,15.735174953959485,0.2629834254143646,0.4575506445672191,0.322,0.987,1.309,6.245,4.512,2.357,0.081,0.243,0.298,71.0,190.0,26.5,0,55.18,55.38,0.233
Sam Reinhart,C,CAN,307.0,328,0.936,20.388599348534203,14.868783930510316,3.770684039087948,1.7491313789359393,1.495,1.409,2.904,8.033,2.08,2.857,1.112,0.261,0.016,73.0,196.0,25.86,2,56.09,56.53,0.743
Sam Steel,C,CAN,294.0,328,0.8963,14.54109977324263,12.469501133786848,0.35017006802721085,1.7214285714285715,0.519,1.025,1.544,4.8,1.432,3.41,0.084,0.347,0.027,72.0,185.0,25.09,2,50.13,50.86,0.55
Samuel Girard,D,CAN,268.0,328,0.8171,20.06610696517413,17.94570895522388,0.7257462686567164,1.3946517412935322,0.167,0.926,1.093,3.66,4.284,2.522,0.112,0.235,0.052,70.0,170.0,24.39,1,54.11,53.07,0.151
Scott Laughton,C,CAN,304.0,328,0.9268,15.758991228070176,12.915789473684212,1.0096491228070175,1.833552631578947,0.714,0.952,1.666,6.976,2.618,7.64,0.2,0.599,-0.135,73.0,190.0,25.06,4,44.43,47.96,0.625
Scott Mayfield,D,USA,269.0,328,0.8201,18.31926889714994,16.21177199504337,0.021747211895910726,2.0857496902106565,0.134,0.511,0.645,3.373,5.613,4.152,0.0,0.848,0.03,76.0,215.0,26.17,6,44.99,46.36,0.136
Sean Couturier,C,CAN,231.0,246,0.939,17.21803751803752,14.327705627705626,1.5684704184704183,1.321861471861472,0.573,1.222,1.795,7.03,1.931,3.213,0.181,0.433,-0.061,76.0,210.0,25.56,2,51.93,53.94,0.701
Sean Durzi,D,CAN,238.0,328,0.7256,20.672829131652662,17.42983193277311,2.1647058823529415,1.0782913165266106,0.329,1.098,1.427,4.573,5.39,2.037,0.463,0.765,-0.088,73.0,196.0,25.86,4,52.6,51.69,0.205
Sean Kuraly,C,USA,297.0,328,0.9055,13.372783389450058,11.350056116722781,0.06593714927048255,1.9567901234567904,0.483,0.68,1.163,5.892,2.598,8.958,0.015,0.636,-0.125,74.0,208.0,26.7,3,49.02,46.41,0.616
Sean Monahan,C,CAN,240.0,328,0.7317,17.899027777777782,13.731319444444443,2.6636805555555556,1.5040277777777775,0.894,1.467,2.36,6.774,1.676,1.606,0.684,0.25,0.05,74.0,206.0,26.45,0,51.3,51.33,0.773
Sean Walker,D,CAN,314.0,328,0.9573,18.271709129511677,16.304033970276006,0.5236730360934183,1.4440021231422504,0.282,0.648,0.931,5.94,4.664,4.466,0.031,0.608,0.022,71.0,191.0,26.64,1,58.34,55.33,0.257
Sebastian Aho,F,SWE,722.0,328,2.2012,18.438734995383193,14.959787626962143,2.2083564173591874,1.2705909510618651,0.964,1.424,2.389,6.959,1.861,2.235,0.685,0.438,0.147,70.0,180.0,25.82,0,57.18,55.05,0.628
Seth Jarvis,C,CAN,307.0,328,0.936,18.217480998914223,14.000760043431054,2.8379478827361564,1.3787730727470142,1.191,1.373,2.564,8.486,1.91,3.884,0.697,0.212,0.166,70.0,180.0,25.82,1,59.47,57.58,0.917
Seth Jones,D,USA,254.0,328,0.7744,24.589698162729658,19.2497375328084,3.117257217847769,2.2227034120734905,0.346,0.961,1.306,5.447,4.092,3.132,0.538,0.409,-0.315,76.0,213.0,25.92,0,48.66,46.86,0.172
Shane Pinto,C,USA,265.0,328,0.8079,17.441698113207543,14.333584905660377,1.789811320754717,1.3183018867924527,0.948,0.935,1.882,7.166,2.415,3.596,0.286,0.377,0.015,75.0,206.0,25.75,0,50.66,55.6,0.861
Shayne Gostisbehere,D,USA,281.0,328,0.8567,19.409786476868327,15.948339264531436,3.163167259786477,0.2982799525504151,0.473,1.639,2.112,5.852,3.223,1.595,0.979,0.434,-0.032,71.0,183.0,25.52,0,56.49,54.16,0.224
Shea Theodore,D,CAN,239.0,328,0.7287,22.100557880055785,19.28347280334728,2.3219665271966523,0.4951185495118549,0.341,1.693,2.033,5.668,3.783,0.375,0.545,0.31,0.238,74.0,197.0,25.29,0,52.89,53.78,0.231
Sidney Crosby,C,CAN,312.0,328,0.9512,19.972222222222218,16.46196581196581,3.450854700854701,0.05940170940170937,1.319,2.07,3.389,8.858,1.473,2.879,0.963,0.535,-0.016,71.0,200.0,27.89,1,52.88,52.18,0.797
Simon Benoit,D,CAN,293.0,328,0.8933,17.602332195676908,15.404550625711034,0.016154721274175183,2.181626848691695,0.058,0.302,0.361,2.815,5.293,10.005,0.0,0.737,-0.109,76.0,210.0,25.56,10,44.22,44.19,0.1
Simon HolmstrÃ¶m,RW,,279.0,328,0.8506,14.807825567502986,12.539605734767024,0.9280764635603344,1.3401433691756273,0.871,0.871,1.743,4.459,2.44,1.031,0.145,0.136,0.025,,,,0,,,
Stefan Noesen,RW,USA,275.0,328,0.8384,13.105151515151515,10.87478787878788,2.0863636363636364,0.144,0.866,1.149,2.014,7.692,1.398,6.693,0.733,0.553,0.015,73.0,205.0,27.04,9,54.74,53.67,0.816
Steven Lorentz,C,CAN,269.0,328,0.8201,11.001239157372986,9.5227385377943,0.09653035935563814,1.3819702602230484,0.527,0.669,1.196,5.819,3.305,11.273,0.02,0.19,-0.086,76.0,219.0,26.65,1,45.64,47.67,0.644
Steven Stamkos,C,CAN,324.0,328,0.9878,18.24393004115226,14.634670781893004,3.5217078189300413,0.08755144032921806,1.452,1.431,2.883,8.953,1.786,3.299,1.228,0.574,-0.244,73.0,193.0,25.46,1,49.34,49.75,0.68
Tage Thompson,C,USA,306.0,328,0.9329,18.676252723311546,15.161819172113288,3.127124183006536,0.3873093681917211,1.68,1.501,3.181,11.076,1.407,3.034,0.945,0.497,-0.016,78.0,220.0,25.42,4,51.43,50.17,0.842
Tanner Jeannot,F,CAN,275.0,328,0.8384,12.542181818181819,11.313878787878787,0.31599999999999995,0.9123030303030303,0.452,0.713,1.166,5.219,3.201,16.543,0.052,1.225,-0.076,74.0,221.0,28.37,35,49.57,49.84,0.698
Taylor Raddysh,RW,CAN,299.0,328,0.9116,14.17820512820513,12.143756967670011,1.4774804905239687,0.5569676700111482,0.58,0.793,1.373,5.591,1.897,3.878,0.283,0.227,-0.164,74.0,201.0,25.8,0,47.76,48.63,0.632
Teddy Blueger,C,LVA,248.0,328,0.7561,14.417338709677423,12.250470430107528,0.10826612903225803,2.0586021505376344,0.453,1.007,1.46,5.487,2.5,5.504,0.017,0.492,-0.097,72.0,185.0,25.09,4,48.71,49.46,0.646
Teuvo TerÃ¤vÃ¤inen,F,FIN,301.0,328,0.9177,17.00598006644518,12.89263565891473,2.425359911406423,1.6879844961240307,0.774,1.371,2.145,5.697,1.36,0.926,0.832,0.146,-0.09,71.0,191.0,26.64,0,51.04,48.09,0.41
Thomas Chabot,D,CAN,256.0,328,0.7805,23.42109375,19.663932291666665,2.6659505208333334,1.0912109375,0.36,1.111,1.471,5.614,4.673,2.172,0.42,0.469,0.035,73.0,200.0,26.38,0,52.58,52.14,0.226
Thomas Harley,D,CAN,233.0,328,0.7104,22.294134477825462,19.34706723891273,1.7101573676680972,1.2369098712446351,0.427,1.132,1.559,5.036,4.632,1.617,0.358,0.266,0.292,75.0,214.0,26.75,0,52.08,52.51,0.246
Thomas Novak,C,USA,258.0,328,0.7866,14.08766149870801,12.378359173126615,1.7047157622739018,0.004586563307493522,1.057,1.453,2.509,7.065,1.882,0.528,0.594,0.171,-0.016,73.0,190.0,25.06,0,,,
Tim StÃ¼tzle,LW,,315.0,328,0.9604,20.570423280423277,16.032910052910054,3.591111111111111,0.9464021164021165,1.065,1.917,2.982,7.186,1.657,4.352,1.019,0.53,-0.041,,,,0,,,
Timo Meier,RW,CHE,304.0,328,0.9268,18.335087719298247,15.987445175438596,2.279550438596491,0.06809210526315786,1.27,1.044,2.314,11.206,2.121,5.781,0.678,0.553,-0.184,73.0,220.0,29.02,4,52.84,53.23,1.019
Timothy Liljegren,D,SWE,237.0,328,0.7226,19.04908579465541,16.705414908579463,1.1220112517580871,1.221659634317862,0.213,0.704,0.917,3.814,5.449,4.0,0.186,0.477,-0.021,73.0,200.0,26.38,1,46.62,50.2,0.167
Tom Willander,D,SWE,70.0,82,0.8537,16.966666666666665,15.316666666666668,1.1833333333333331,0.4666666666666666,0.253,0.808,1.061,2.981,3.94,1.768,0.152,0.4,-0.329,73.0,180.0,23.75,0,42.72,40.1,0.124
Tom Wilson,RW,CAN,260.0,328,0.7927,18.59102564102564,14.310384615384615,2.503076923076923,1.777564102564103,1.167,1.117,2.284,7.113,2.83,9.148,0.546,1.646,0.012,76.0,225.0,27.38,18,51.33,52.41,0.688
TomÃ¡Å¡ Hertl,C,,288.0,328,0.878,18.294155092592593,14.801215277777779,3.036747685185185,0.45619212962962963,1.082,1.423,2.505,7.812,2.357,4.134,0.922,0.427,-0.292,,,,0,,,
Travis Konecny,C,CAN,295.0,328,0.8994,19.892598870056496,15.681920903954802,2.8740677966101695,1.3366101694915256,1.176,1.615,2.791,8.087,1.534,3.548,0.562,0.868,-0.037,70.0,192.0,27.55,4,50.2,50.75,0.647
Travis Sanheim,D,CAN,325.0,328,0.9909,23.20805128205128,19.76784615384615,0.9490769230769233,2.4911282051282053,0.286,0.78,1.066,3.906,4.837,2.267,0.088,0.455,-0.058,76.0,222.0,27.02,0,49.18,52.15,0.246
Trent Frederic,C,USA,293.0,328,0.8933,12.541808873720136,11.865585893060295,0.30119453924914674,0.37502844141069397,0.767,0.751,1.518,6.498,2.27,10.76,0.082,0.778,0.02,75.0,221.0,27.62,23,46.81,50.22,0.76
Trevor Moore,LW,USA,281.0,328,0.8567,17.158659549228947,14.108956109134045,1.444602609727165,1.605100830367734,0.896,1.07,1.966,8.947,1.817,3.484,0.224,0.228,0.093,71.0,195.0,27.19,0,55.11,55.88,0.791
Trevor Zegras,C,USA,250.0,328,0.7622,18.15353333333333,15.389399999999998,2.751266666666667,0.012866666666666613,0.886,1.481,2.366,6.901,1.309,2.089,0.595,0.812,-0.132,72.0,185.0,25.09,1,47.89,50.85,0.635
Trevor van Riemsdyk,D,USA,295.0,328,0.8994,17.90779661016949,15.932598870056498,0.11615819209039545,1.8590395480225992,0.125,0.693,0.818,3.362,5.804,0.738,0.011,0.288,0.098,75.0,210.0,26.25,1,47.87,50.89,0.156
Troy Stecher,D,CAN,265.0,328,0.8079,16.768364779874215,15.021446540880504,0.04276729559748423,1.7041509433962265,0.135,0.432,0.567,3.484,4.24,2.728,0.0,0.464,-0.026,70.0,184.0,26.4,3,47.61,47.96,0.165
Troy Terry,C,USA,284.0,328,0.8659,18.698063380281692,15.629518779342725,2.789671361502347,0.2788732394366197,0.938,1.627,2.565,8.011,1.107,0.429,0.542,0.282,-0.025,72.0,193.0,26.17,0,50.35,50.22,0.713
Ty Dellandrea,C,CAN,238.0,328,0.7256,13.215126050420167,11.330672268907563,0.052661064425770274,1.8317927170868349,0.267,0.801,1.068,4.674,2.671,9.176,0.0,0.664,-0.21,74.0,185.0,23.75,6,43.56,42.91,0.608
Ty Emberson,D,USA,178.0,246,0.7236,15.83052434456929,14.251123595505616,0.03520599250936326,1.5441947565543073,0.106,0.639,0.745,2.96,5.302,6.942,0.021,0.264,-0.056,72.0,193.0,26.17,3,47.03,48.45,0.098
Tye Kartye,F,CAN,204.0,246,0.8293,11.18937908496732,10.511437908496733,0.052205882352941144,0.6257352941176471,0.657,0.789,1.446,5.809,2.55,15.167,0.0,0.578,-0.103,71.0,202.0,28.17,4,48.63,48.11,0.653
Tyler Bertuzzi,LW,CAN,291.0,328,0.8872,16.737800687285223,14.23184421534937,2.5059564719358534,0.0,1.035,1.146,2.18,6.923,1.454,3.289,0.702,0.601,-0.21,74.0,200.0,25.68,3,48.52,48.27,0.827
Tyler Myers,D,CAN,299.0,328,0.9116,20.01571906354515,17.45440356744704,0.27575250836120396,2.2855629877369013,0.13,0.682,0.812,3.689,5.273,3.76,0.01,0.933,-0.07,80.0,229.0,25.15,4,47.8,49.04,0.182
Tyler Toffoli,C,CAN,318.0,328,0.9695,16.35062893081761,13.155765199161428,3.0319182389937107,0.16294549266247377,1.339,1.327,2.666,10.409,1.015,2.723,0.842,0.208,-0.072,72.0,205.0,27.8,0,51.29,49.74,0.791
Victor Hedman,D,SWE,266.0,328,0.811,23.22312030075188,18.375125313283206,2.9135964912280707,1.9343984962406013,0.369,1.651,2.02,5.672,4.031,2.117,0.748,0.594,0.169,79.0,244.0,27.48,0,51.93,50.93,0.259
Victor Olofsson,RW,SWE,260.0,328,0.7927,13.584679487179487,11.669230769230769,1.9154487179487178,0.0,1.07,0.883,1.954,8.205,1.087,1.393,0.51,0.115,-0.008,71.0,180.0,25.1,0,52.85,51.79,0.618
Viktor Arvidsson,LW,SWE,231.0,328,0.7043,15.684632034632036,13.70779220779221,1.8967532467532466,0.08008658008658005,1.192,1.374,2.567,10.251,2.07,1.474,0.696,0.372,0.074,70.0,181.0,25.97,0,53.29,52.45,0.941
Vince Dunn,D,CAN,283.0,328,0.8628,22.600824499411072,19.62391048292108,2.7197879858657243,0.2571260306242638,0.441,1.37,1.81,5.488,2.899,1.97,0.6,0.777,0.032,72.0,200.0,27.12,4,49.46,47.39,0.221
Vincent Trocheck,C,USA,313.0,328,0.9543,20.57779552715655,15.894568690095847,3.062300319488818,1.620926517571885,0.829,1.528,2.357,7.043,2.394,7.117,0.643,0.706,0.01,71.0,187.0,26.08,5,51.95,48.35,0.678
Vladimir Tarasenko,RW,RUS,300.0,328,0.9146,15.508666666666665,13.378499999999999,2.1174444444444447,0.012722222222222197,0.967,1.419,2.386,7.802,1.844,3.65,0.567,0.12,-0.083,73.0,219.0,28.89,0,46.53,47.78,0.653
Vladislav Gavrikov,D,RUS,313.0,328,0.9543,22.36096911608093,19.064909478168264,0.42582534611288597,2.8702342917997874,0.266,0.652,0.917,3.721,4.055,1.963,0.051,0.46,0.099,75.0,210.0,26.25,0,52.94,53.9,0.179
Vladislav Namestnikov,C,RUS,293.0,328,0.8933,13.983617747440272,11.867576791808874,1.2814562002275314,0.834584755403868,0.556,1.113,1.669,5.462,2.49,5.272,0.308,0.471,0.099,72.0,181.0,24.55,2,51.79,52.23,0.645
Warren Foegele,LW,CAN,299.0,328,0.9116,14.2164994425864,12.618338907469342,0.5892419175027871,1.0089186176142697,0.988,0.875,1.863,8.907,1.595,4.7,0.056,0.391,0.154,74.0,205.0,26.32,2,53.44,56.53,1.109
Will Smith,C,USA,143.0,164,0.872,16.951165501165498,14.265268065268065,2.6445221445221443,0.04137529137529136,1.04,1.535,2.574,7.252,0.693,0.718,0.718,0.238,-0.098,72.0,180.0,24.41,0,47.77,46.27,0.657
William Borgen,D,,323.0,328,0.9848,17.215686274509803,15.579824561403507,0.04246646026831781,1.5933952528379776,0.173,0.637,0.809,3.485,4.489,6.809,0.0,0.604,0.015,,,,0,,,
William Cuylle,LW,,249.0,328,0.7591,14.222222222222221,12.564658634538151,0.7903614457831326,0.8672021419009374,0.898,0.864,1.762,7.268,2.44,14.571,0.22,0.695,-0.02,,,,0,,,
William Eklund,LW,SWE,243.0,328,0.7409,18.919478737997256,15.321604938271605,2.798902606310014,0.7989711934156377,0.653,1.423,2.075,6.173,2.284,2.245,0.639,0.399,-0.362,70.0,185.0,26.54,1,48.37,46.94,0.636
William Nylander,C,SWE,311.0,328,0.9482,19.312111468381566,15.716881028938905,3.257020364415863,0.33821007502679523,1.548,1.928,3.476,10.17,1.079,0.769,1.149,0.302,0.023,72.0,200.0,27.12,0,48.89,49.96,0.748
Wyatt Johnston,C,CAN,328.0,328,1.0,17.850000000000005,14.462499999999999,2.4833333333333334,0.9041666666666667,1.373,1.322,2.695,8.034,1.793,1.793,0.861,0.317,0.052,73.0,187.0,24.67,0,49.22,52.6,0.879
Yakov Trenin,C,RUS,311.0,328,0.9482,13.850964630225079,12.035101822079316,0.1740621650589496,1.6418006430868166,0.515,0.585,1.1,6.115,1.908,14.319,0.028,0.576,0.064,74.0,201.0,25.8,7,47.76,50.3,0.779
Yanni Gourde,C,CAN,300.0,328,0.9146,16.776777777777777,14.48861111111111,0.46322222222222215,1.824944444444444,0.489,1.18,1.669,5.794,2.062,5.937,0.083,0.853,0.017,69.0,173.0,25.54,12,52.48,52.78,0.744
Yegor Sharangovich,C,BLR,308.0,328,0.939,16.1103354978355,13.265530303030301,1.5478354978354978,1.296969696969697,0.919,0.895,1.814,7.013,1.778,0.846,0.387,0.143,-0.198,74.0,196.0,25.16,0,50.31,46.99,0.615
Zach Benson,LW,CAN,211.0,246,0.8577,15.016113744075827,12.782464454976305,1.3797788309636652,0.8538704581358609,0.644,1.269,1.913,6.306,1.629,2.083,0.208,0.654,0.104,70.0,177.0,25.39,0,53.71,52.95,0.848
Zach Bogosian,D,USA,233.0,328,0.7104,15.972460658082976,14.64656652360515,0.034907010014306114,1.2909871244635192,0.161,0.5,0.661,3.966,4.031,5.659,0.0,0.712,0.039,75.0,231.0,28.87,3,48.13,48.59,0.128
Zach Hyman,LW,CAN,290.0,328,0.8841,19.59396551724138,16.06494252873563,3.3541954022988505,0.17482758620689653,1.563,1.14,2.703,9.873,1.035,2.946,0.771,0.507,0.245,73.0,206.0,27.18,1,57.21,61.29,1.417
Zach Werenski,D,USA,239.0,328,0.7287,25.835983263598322,21.65557880055788,2.8237796373779642,1.3566248256624829,0.573,1.642,2.215,7.783,3.683,0.748,0.583,0.297,0.054,74.0,214.0,27.47,1,51.86,51.86,0.393
Zach Whitecloud,D,CAN,272.0,328,0.8293,18.218198529411765,16.616911764705883,0.034068627450980354,1.5672181372549023,0.157,0.521,0.678,3.075,5.388,5.57,0.0,0.515,0.029,74.0,210.0,26.96,3,49.62,49.99,0.132
Zachary Bolduc,C,CAN,175.0,246,0.7114,13.03542857142857,11.706761904761905,1.3286666666666669,0.0,0.947,1.026,1.973,6.812,2.393,7.628,0.473,0.406,0.08,72.0,187.0,25.36,1,49.08,50.02,0.709
Zakhar Bardakov,C,RUS,60.0,82,0.7317,7.183333333333333,7.066666666666666,0.05,0.0666666666666666,0.139,1.253,1.392,4.872,3.063,6.961,0.0,0.233,0.1,74.0,198.0,25.42,0,54.66,54.0,0.563
Zeev Buium,D,USA,76.0,82,0.9268,19.55,17.233333333333334,2.283333333333333,0.0333333333333333,0.242,0.808,1.05,2.948,2.221,1.131,0.525,0.539,-0.434,72.0,183.0,24.82,1,47.49,45.41,0.151
Zemgus Girgensons,C,LVA,299.0,328,0.9116,12.794983277591973,11.274191750278705,0.03216276477146041,1.4886287625418062,0.455,0.455,0.91,5.63,2.807,9.504,0.016,0.378,-0.04,75.0,197.0,24.62,7,49.95,48.69,0.684
